stop_id,stop_code,stop_name,stop_lat,stop_lon,location_type,parent_station,wheelchair_boarding,platform_code,mode,route,shape_id
214074,214074.0,"Homebush Station, Platform 4",-33.866789815475485,151.086383264864,,PST1216,2.0,4,Train,['T2-A-L-C'],T2-WSAR-CTYC
214077,214077.0,"Homebush Station, Platform 7",-33.86706148967569,151.086342224215,,PST1216,2.0,7,Train,['T2-C-L-A'],T2-CTYC-WSAR
2193111,2193111.0000000005,"Canterbury Station, Platform 1",-33.911973853454604,151.118607054655,,PST1395,2.0,1,Metro,"['M-1-L-T', 'M-2-B-E']",M-1-LVPL-TLWG
2193111,2193111.0000000005,"Canterbury Station, Platform 1",-33.911973853454604,151.118607054655,,PST1395,2.0,1,Metro,"['M-1-L-T', 'M-2-B-E']",M-2-BKTN-EPNG
2193112,2193112.0,"Canterbury Station, Platform 2",-33.91190337249149,151.118290259531,,PST1395,2.0,2,Metro,"['M-1-T-L', 'M-2-E-B']",M-1-TLWG-LVPL
2193112,2193112.0,"Canterbury Station, Platform 2",-33.91190337249149,151.118290259531,,PST1395,2.0,2,Metro,"['M-1-T-L', 'M-2-E-B']",M-2-EPNG-BKTN
2160261,2160260.9999999995,"Merrylands Station, Platform 1",-33.836546878389605,150.992598993232,,PST1282,2.0,1,Train,['T2-A-L-C'],T2-WSAR-CTYC
2160262,2160262.0,"Merrylands Station, Platform 2",-33.836607760696204,150.99266661642798,,PST1282,2.0,2,Train,['T2-C-L-A'],T2-CTYC-WSAR
204833,204833.0,"Stanmore Station, Platform 3",-33.89463980122549,151.16404804556197,,PST1213,2.0,3,Train,['T2-C-L-A'],T2-CTYC-WSAR
204832,204832.0,"Stanmore Station, Platform 2",-33.894531493720905,151.16405357677098,,PST1213,2.0,2,Train,['T2-A-L-C'],T2-WSAR-CTYC
2000391,2000391.0000000002,"Town Hall Station, Platform 1",-33.8736468928067,151.20693521465796,,PST1101,2.0,1,Train,['T2-C-L-A'],T2-CTYC-WSAR
2113341,2113340.9999999995,"Macquarie Park Station, Platform 1",-33.78500653969209,151.128413816668,,PST1427,2.0,1,Metro,"['M-1-T-L', 'M-2-E-B']",M-1-TLWG-LVPL
2113341,2113340.9999999995,"Macquarie Park Station, Platform 1",-33.78500653969209,151.128413816668,,PST1427,2.0,1,Metro,"['M-1-T-L', 'M-2-E-B']",M-2-EPNG-BKTN
2113342,2113342.0,"Macquarie Park Station, Platform 2",-33.785127095225,151.12831170431002,,PST1427,2.0,2,Metro,"['M-1-L-T', 'M-2-B-E']",M-1-LVPL-TLWG
2113342,2113342.0,"Macquarie Park Station, Platform 2",-33.785127095225,151.12831170431002,,PST1427,2.0,2,Metro,"['M-1-L-T', 'M-2-B-E']",M-2-BKTN-EPNG
217428,217428.0,"Edmondson Park Station, Platform 2",-33.9693861057192,150.858815230449,,PST1447,2.0,2,Train,['T2-C-L-A'],T2-CTYC-WSAR
217427,217427.0,"Edmondson Park Station, Platform 1",-33.96930444135689,150.85883316728902,,PST1447,2.0,1,Train,['T2-A-L-C'],T2-WSAR-CTYC
2141313,2141312.9999999995,"Lidcombe Station, Platform 3",-33.8637438649856,151.04494562107,,PST1218,2.0,3,Train,['T2-A-L-C'],T2-WSAR-CTYC
2155270,2155270.0,"Tallawong Station, Platform 3",-33.69171886577783,150.90590553310258,,PST4008,2.0,,Metro,['M-1-L-T'],M-1-LVPL-TLWG
213284,213284.0,"Croydon Station, Platform 4",-33.8832046750841,151.115363618631,,PST1208,1.0,4,Train,['T2-A-L-C'],T2-WSAR-CTYC
213285,213285.0,"Croydon Station, Platform 5",-33.883304711012485,151.11533602018997,,PST1208,1.0,5,Train,['T2-C-L-A'],T2-CTYC-WSAR
2166271,2166271.0000000005,"Cabramatta Station, Platform 1",-33.89508748328189,150.938730257016,,PST1287,2.0,1,Train,['T2-A-L-C'],T2-WSAR-CTYC
2126160,2126160.0,"Cherrybrook Station, Platform 2",-33.73684705143909,151.032035623757,,PST4001,2.0,,Metro,['M-1-L-T'],M-1-LVPL-TLWG
2000341,2000340.9999999998,"Central Station, Platform 21",-33.88428108857809,151.207123152013,,PST1100,2.0,21,Train,['T2-C-L-A'],T2-CTYC-WSAR
2154263,2154263.0000000005,"Castle Hill Station, Platform 2",-33.731557069507105,151.00773824647496,,PST4002,2.0,,Metro,['M-1-L-T'],M-1-LVPL-TLWG
2154262,2154262.0,"Castle Hill Station, Platform 1",-33.731459150587895,151.00770133308,,PST4002,2.0,,Metro,['M-1-T-L'],M-1-TLWG-LVPL
2154265,2154264.9999999995,"Hills Showground Station, Platform 2",-33.72784384267409,150.987474411373,,PST4003,2.0,,Metro,['M-1-L-T'],M-1-LVPL-TLWG
2154264,2154264.0,"Hills Showground Station, Platform 1",-33.727727921007,150.98743668891802,,PST4003,2.0,,Metro,['M-1-T-L'],M-1-TLWG-LVPL
220362,220362.0,"Dulwich Hill Station, Platform 2",-33.911042374629695,151.1409752514,,PST1393,2.0,2,Metro,"['M-1-T-L', 'M-2-E-B']",M-1-TLWG-LVPL
220362,220362.0,"Dulwich Hill Station, Platform 2",-33.911042374629695,151.1409752514,,PST1393,2.0,2,Metro,"['M-1-T-L', 'M-2-E-B']",M-2-EPNG-BKTN
220361,220361.0,"Dulwich Hill Station, Platform 1",-33.910987675343804,151.140994214653,,PST1393,2.0,1,Metro,"['M-1-L-T', 'M-2-B-E']",M-1-LVPL-TLWG
220361,220361.0,"Dulwich Hill Station, Platform 1",-33.910987675343804,151.140994214653,,PST1393,2.0,1,Metro,"['M-1-L-T', 'M-2-B-E']",M-2-BKTN-EPNG
2144244,2144244.0,"Auburn Station, Platform 4",-33.8493756036634,151.03275509038798,,PST1219,2.0,4,Train,['T2-C-L-A'],T2-CTYC-WSAR
2144243,2144243.0000000005,"Auburn Station, Platform 3",-33.84933785016049,151.032807310247,,PST1219,2.0,3,Train,['T2-A-L-C'],T2-WSAR-CTYC
2000371,2000371.0000000002,"Museum Station, Platform 1",-33.876152660443,151.209802055193,,PST1104,2.0,1,Train,['T2-C-L-A'],T2-CTYC-WSAR
2067143,2067143.0000000002,"Chatswood Station, Platform 3",-33.79748210698409,151.18087005146603,,PST1117,2.0,3,Metro,"['M-1-L-T', 'M-2-B-E']",M-1-LVPL-TLWG
2067143,2067143.0000000002,"Chatswood Station, Platform 3",-33.79748210698409,151.18087005146603,,PST1117,2.0,3,Metro,"['M-1-L-T', 'M-2-B-E']",M-2-BKTN-EPNG
2067142,2067142.0,"Chatswood Station, Platform 2",-33.797478449235484,151.180977793601,,PST1117,2.0,2,Metro,"['M-1-T-L', 'M-2-E-B']",M-1-TLWG-LVPL
2067142,2067142.0,"Chatswood Station, Platform 2",-33.797478449235484,151.180977793601,,PST1117,2.0,2,Metro,"['M-1-T-L', 'M-2-E-B']",M-2-EPNG-BKTN
2131123,2131123.0000000005,"Ashfield Station, Platform 3",-33.887641748351115,151.12573258556003,,PST1209,2.0,3,Train,['T2-A-L-C'],T2-WSAR-CTYC
2131125,2131124.9999999995,"Ashfield Station, Platform 5",-33.887765203875496,151.12554407162907,,PST1209,2.0,5,Train,['T2-C-L-A'],T2-CTYC-WSAR
2196291,2196291.0000000005,"Punchbowl Station, Platform 1",-33.925383487735004,151.055654842124,,PST1400,2.0,1,Metro,"['M-1-L-T', 'M-2-B-E']",M-1-LVPL-TLWG
2196291,2196291.0000000005,"Punchbowl Station, Platform 1",-33.925383487735004,151.055654842124,,PST1400,2.0,1,Metro,"['M-1-L-T', 'M-2-B-E']",M-2-BKTN-EPNG
2196292,2196292.0,"Punchbowl Station, Platform 2",-33.925446818350984,151.05564703959004,,PST1400,2.0,2,Metro,"['M-1-T-L', 'M-2-E-B']",M-1-TLWG-LVPL
2196292,2196292.0,"Punchbowl Station, Platform 2",-33.925446818350984,151.05564703959004,,PST1400,2.0,2,Metro,"['M-1-T-L', 'M-2-E-B']",M-2-EPNG-BKTN
2161252,2161252.0,"Guildford Station, Platform 2",-33.85437074464521,150.984519306255,,PST1283,2.0,2,Train,['T2-C-L-A'],T2-CTYC-WSAR
2161251,2161251.0000000005,"Guildford Station, Platform 1",-33.854292213178994,150.984440052135,,PST1283,2.0,1,Train,['T2-A-L-C'],T2-WSAR-CTYC
2165201,2165200.9999999995,"Fairfield Station, Platform 1",-33.87235338415739,150.956966872617,,PST1285,2.0,1,Train,['T2-A-L-C'],T2-WSAR-CTYC
2165202,2165202.0,"Fairfield Station, Platform 2",-33.872441278211014,150.957035751012,,PST1285,2.0,2,Train,['T2-C-L-A'],T2-CTYC-WSAR
2142323,2142323.0000000005,"Granville Station, Platform 3",-33.8329575420066,151.01209397019002,,PST1227,2.0,3,Train,['T2-A-L-C'],T2-WSAR-CTYC
2142324,2142324.0,"Granville Station, Platform 4",-33.833013280703,151.012042591545,,PST1227,2.0,4,Train,['T2-C-L-A'],T2-CTYC-WSAR
219281,219281.0,"Belmore Station, Platform 1",-33.9171663085213,151.088563573965,,PST1397,2.0,1,Metro,"['M-1-L-T', 'M-2-B-E']",M-1-LVPL-TLWG
219281,219281.0,"Belmore Station, Platform 1",-33.9171663085213,151.088563573965,,PST1397,2.0,1,Metro,"['M-1-L-T', 'M-2-B-E']",M-2-BKTN-EPNG
219282,219282.0,"Belmore Station, Platform 2",-33.91723791782569,151.088577807637,,PST1397,2.0,2,Metro,"['M-1-T-L', 'M-2-E-B']",M-1-TLWG-LVPL
219282,219282.0,"Belmore Station, Platform 2",-33.91723791782569,151.088577807637,,PST1397,2.0,2,Metro,"['M-1-T-L', 'M-2-E-B']",M-2-EPNG-BKTN
204981,204981.0,"Lewisham Station, Platform 1",-33.893281102974306,151.14746211975398,,PST1211,2.0,1,Train,['T2-A-L-C'],T2-WSAR-CTYC
204982,204982.0,"Lewisham Station, Platform 2",-33.89336460766799,151.147390538455,,PST1211,2.0,2,Train,['T2-C-L-A'],T2-CTYC-WSAR
213496,213496.0,"Burwood Station, Platform 6",-33.87736976344469,151.104194087103,,PST1207,2.0,6,Train,['T2-C-L-A'],T2-CTYC-WSAR
2161262,2161262.0,"Yennora Station, Platform 2",-33.8647635223457,150.971036352753,,PST1284,2.0,2,Train,['T2-C-L-A'],T2-CTYC-WSAR
2161261,2161260.9999999995,"Yennora Station, Platform 1",-33.86468393795939,150.970989455921,,PST1284,2.0,1,Train,['T2-A-L-C'],T2-WSAR-CTYC
2194111,2194111.0000000005,"Campsie Station, Platform 1",-33.910456989137,151.10306955614107,,PST1396,2.0,1,Metro,"['M-1-L-T', 'M-2-B-E']",M-1-LVPL-TLWG
2194111,2194111.0000000005,"Campsie Station, Platform 1",-33.910456989137,151.10306955614107,,PST1396,2.0,1,Metro,"['M-1-L-T', 'M-2-B-E']",M-2-BKTN-EPNG
2194112,2194112.0,"Campsie Station, Platform 2",-33.9105285960023,151.103083800093,,PST1396,2.0,2,Metro,"['M-1-T-L', 'M-2-E-B']",M-1-TLWG-LVPL
2194112,2194112.0,"Campsie Station, Platform 2",-33.9105285960023,151.103083800093,,PST1396,2.0,2,Metro,"['M-1-T-L', 'M-2-E-B']",M-2-EPNG-BKTN
2166281,2166280.9999999995,"Canley Vale Station, Platform 1",-33.8872555366355,150.943555922799,,PST1286,2.0,1,Train,['T2-A-L-C'],T2-WSAR-CTYC
2166282,2166282.0,"Canley Vale Station, Platform 2",-33.88733513221239,150.943602809695,,PST1286,2.0,2,Train,['T2-C-L-A'],T2-CTYC-WSAR
204261,204261.0,"Newtown Station, Platform 1",-33.89789687807,151.179851991581,,PST1214,2.0,1,Train,['T2-A-L-C'],T2-WSAR-CTYC
204262,204262.0,"Newtown Station, Platform 2",-33.8979508480951,151.179854629584,,PST1214,2.0,2,Train,['T2-C-L-A'],T2-CTYC-WSAR
2126159,2126159.0000000005,"Cherrybrook Station, Platform 1",-33.7367009875671,151.03209349029396,,PST4001,2.0,,Metro,['M-1-T-L'],M-1-TLWG-LVPL
2000351,2000351.0000000002,"Circular Quay Station, Platform 1",-33.861369391635705,151.210273928748,,PST1103,2.0,1,Train,['T2-C-L-A'],T2-CTYC-WSAR
2170831,2170831.0000000005,"Warwick Farm Station, Platform 1",-33.912991273372,150.935102147008,,PST1288,2.0,1,Train,['T2-A-L-C'],T2-WSAR-CTYC
2170832,2170832.0,"Warwick Farm Station, Platform 2",-33.91311447869979,150.93519428211002,,PST1288,2.0,2,Train,['T2-C-L-A'],T2-CTYC-WSAR
2015121,2015120.9999999998,"Macdonaldtown Station, Platform 1",-33.8969103256996,151.185811140429,,PST1215,2.0,1,Train,['T2-A-L-C'],T2-WSAR-CTYC
2015122,2015122.0,"Macdonaldtown Station, Platform 2",-33.89694593830211,151.18582368817403,,PST1215,2.0,2,Train,['T2-C-L-A'],T2-CTYC-WSAR
214063,214063.0,"Flemington Station, Platform 3",-33.86489549151311,151.069864390072,,PST1217,2.0,3,Train,['T2-A-L-C'],T2-WSAR-CTYC
214064,214064.0,"Flemington Station, Platform 4",-33.86495882232189,151.069856598977,,PST1217,2.0,4,Train,['T2-C-L-A'],T2-CTYC-WSAR
2193121,2193120.9999999995,"Hurlstone Park Station, Platform 1",-33.9103004438958,151.13222921821404,,PST1394,2.0,1,Metro,"['M-1-L-T', 'M-2-B-E']",M-1-LVPL-TLWG
2193121,2193120.9999999995,"Hurlstone Park Station, Platform 1",-33.9103004438958,151.13222921821404,,PST1394,2.0,1,Metro,"['M-1-L-T', 'M-2-B-E']",M-2-BKTN-EPNG
2193122,2193122.0,"Hurlstone Park Station, Platform 2",-33.91037922818289,151.132297866443,,PST1394,2.0,2,Metro,"['M-1-T-L', 'M-2-E-B']",M-1-TLWG-LVPL
2193122,2193122.0,"Hurlstone Park Station, Platform 2",-33.91037922818289,151.132297866443,,PST1394,2.0,2,Metro,"['M-1-T-L', 'M-2-E-B']",M-2-EPNG-BKTN
2000405,2000404.9999999998,"Wynyard Station, Platform 5",-33.86587020732789,151.205915817825,,PST1102,2.0,5,Train,['T2-C-L-A'],T2-CTYC-WSAR
2204121,2204120.9999999995,"Marrickville Station, Platform 1",-33.913839224404896,151.153419883902,,PST1392,1.0,1,Metro,"['M-1-L-T', 'M-2-B-E']",M-1-LVPL-TLWG
2204121,2204120.9999999995,"Marrickville Station, Platform 1",-33.913839224404896,151.153419883902,,PST1392,1.0,1,Metro,"['M-1-L-T', 'M-2-B-E']",M-2-BKTN-EPNG
2204122,2204122.0,"Marrickville Station, Platform 2",-33.91393136404261,151.15335952009397,,PST1392,1.0,2,Metro,"['M-1-T-L', 'M-2-E-B']",M-1-TLWG-LVPL
2204122,2204122.0,"Marrickville Station, Platform 2",-33.91393136404261,151.15335952009397,,PST1392,1.0,2,Metro,"['M-1-T-L', 'M-2-E-B']",M-2-EPNG-BKTN
2195131,2195131.0000000005,"Lakemba Station, Platform 1",-33.920045006929804,151.075947773788,,PST1398,2.0,1,Metro,"['M-1-L-T', 'M-2-B-E']",M-1-LVPL-TLWG
2195131,2195131.0000000005,"Lakemba Station, Platform 1",-33.920045006929804,151.075947773788,,PST1398,2.0,1,Metro,"['M-1-L-T', 'M-2-B-E']",M-2-BKTN-EPNG
2195132,2195132.0,"Lakemba Station, Platform 2",-33.920107264520794,151.07597235969797,,PST1398,2.0,2,Metro,"['M-1-T-L', 'M-2-E-B']",M-1-TLWG-LVPL
2195132,2195132.0,"Lakemba Station, Platform 2",-33.920107264520794,151.07597235969797,,PST1398,2.0,2,Metro,"['M-1-T-L', 'M-2-E-B']",M-2-EPNG-BKTN
2000381,2000380.9999999998,"St James Station, Platform 1",-33.87066293301131,151.211724684041,,PST1105,1.0,1,Train,['T2-C-L-A'],T2-CTYC-WSAR
2121226,2121226.0,"Epping Station, Platform 6",-33.7729183945084,151.08206461432198,,PST1429,2.0,6,Metro,"['M-1-L-T', 'M-2-B-E']",M-1-LVPL-TLWG
2121226,2121226.0,"Epping Station, Platform 6",-33.7729183945084,151.08206461432198,,PST1429,2.0,6,Metro,"['M-1-L-T', 'M-2-B-E']",M-2-BKTN-EPNG
2121225,2121224.9999999995,"Epping Station, Platform 5",-33.77289976121111,151.08235504393102,,PST1429,2.0,5,Metro,"['M-1-T-L', 'M-2-E-B']",M-1-TLWG-LVPL
2121225,2121224.9999999995,"Epping Station, Platform 5",-33.77289976121111,151.08235504393102,,PST1429,2.0,5,Metro,"['M-1-T-L', 'M-2-E-B']",M-2-EPNG-BKTN
217934,217934.0,"Leppington Station, Platform 1",-33.954337701872106,150.80824049254,,PST1448,2.0,1,Train,['T2-A-L-C'],T2-WSAR-CTYC
217935,217935.0,"Leppington Station, Platform 2",-33.954410697662894,150.808211307844,,PST1448,2.0,2,Train,['T2-C-L-A'],T2-CTYC-WSAR
2113352,2113352.0,"Macquarie University Station, Platform 2",-33.777560136584,151.11803219973797,,PST1426,2.0,2,Metro,"['M-1-L-T', 'M-2-B-E']",M-1-LVPL-TLWG
2113352,2113352.0,"Macquarie University Station, Platform 2",-33.777560136584,151.11803219973797,,PST1426,2.0,2,Metro,"['M-1-L-T', 'M-2-B-E']",M-2-BKTN-EPNG
2113351,2113351.0000000005,"Macquarie University Station, Platform 1",-33.77747988705861,151.118276519092,,PST1426,2.0,1,Metro,"['M-1-T-L', 'M-2-E-B']",M-1-TLWG-LVPL
2113351,2113351.0000000005,"Macquarie University Station, Platform 1",-33.77747988705861,151.118276519092,,PST1426,2.0,1,Metro,"['M-1-T-L', 'M-2-E-B']",M-2-EPNG-BKTN
2135237,2135236.9999999995,"Strathfield Station, Platform 7",-33.87163454603531,151.09378696783804,,PST1206,2.0,7,Train,['T2-A-L-C'],T2-WSAR-CTYC
2135238,2135238.0,"Strathfield Station, Platform 8",-33.87166368720389,151.09372355015395,,PST1206,2.0,8,Train,['T2-C-L-A'],T2-CTYC-WSAR
2155265,2155264.9999999995,"Kellyville Station, Platform 1",-33.71350663249499,150.935323750977,,PST4006,2.0,,Metro,['M-1-T-L'],M-1-TLWG-LVPL
2155266,2155266.0,"Kellyville Station, Platform 2",-33.71352668992879,150.93525997120898,,PST4006,2.0,,Metro,['M-1-L-T'],M-1-LVPL-TLWG
2155267,2155267.0000000005,"Rouse Hill Station, Platform 1",-33.6919775951721,150.92433675612506,,PST4007,2.0,,Metro,['M-1-T-L'],M-1-TLWG-LVPL
2155268,2155268.0,"Rouse Hill Station, Platform 2",-33.692006301747,150.924284162751,,PST4007,2.0,,Metro,['M-1-L-T'],M-1-LVPL-TLWG
2155269,2155268.9999999995,"Tallawong Station, Platform 2",-33.69163403461846,150.90588259751414,,PST4008,2.0,,Metro,['M-1-T-L'],M-1-TLWG-LVPL
2000337,2000336.9999999998,"Central Station, Platform 17",-33.88410215930449,151.206822676011,,PST1100,2.0,17,Train,['T2-A-L-C'],T2-WSAR-CTYC
2000339,2000339.0000000002,"Central Station, Platform 19",-33.884196305839204,151.206967742632,,PST1100,2.0,19,Train,['T2-C-L-A'],T2-CTYC-WSAR
2166272,2166272.0,"Cabramatta Station, Platform 2",-33.8946936720897,150.938928235648,,PST1287,2.0,2,Train,['T2-C-L-A'],T2-CTYC-WSAR
2142314,2142314.0,"Clyde Station, Platform 4",-33.8360320527337,151.01701046562803,,PST1220,2.0,4,Train,['T2-A-L-C'],T2-WSAR-CTYC
2142315,2142315.0000000005,"Clyde Station, Platform 5",-33.8361068426447,151.01692758809202,,PST1220,2.0,5,Train,['T2-C-L-A'],T2-CTYC-WSAR
2195141,2195140.9999999995,"Wiley Park Station, Platform 1",-33.9228473458418,151.067510321162,,PST1399,2.0,1,Metro,"['M-1-L-T', 'M-2-B-E']",M-1-LVPL-TLWG
2195141,2195140.9999999995,"Wiley Park Station, Platform 1",-33.9228473458418,151.067510321162,,PST1399,2.0,1,Metro,"['M-1-L-T', 'M-2-B-E']",M-2-BKTN-EPNG
2195142,2195142.0,"Wiley Park Station, Platform 2",-33.92293623719479,151.067546978467,,PST1399,2.0,2,Metro,"['M-1-T-L', 'M-2-E-B']",M-1-TLWG-LVPL
2195142,2195142.0,"Wiley Park Station, Platform 2",-33.92293623719479,151.067546978467,,PST1399,2.0,2,Metro,"['M-1-T-L', 'M-2-E-B']",M-2-EPNG-BKTN
213053,213053.0,"Summer Hill Station, Platform 3",-33.890469735348994,151.13890948158107,,PST1210,2.0,3,Train,['T2-C-L-A'],T2-CTYC-WSAR
213052,213052.0,"Summer Hill Station, Platform 2",-33.890377965614604,151.13895906141795,,PST1210,2.0,2,Train,['T2-A-L-C'],T2-WSAR-CTYC
2153402,2153402.0,"Bella Vista Station, Platform 1",-33.7306966534012,150.944165770293,,PST4005,2.0,,Metro,['M-1-T-L'],M-1-TLWG-LVPL
2153403,2153403.0000000005,"Bella Vista Station, Platform 2",-33.730737812305605,150.944005883992,,PST4005,2.0,,Metro,['M-1-L-T'],M-1-LVPL-TLWG
2153404,2153404.0,"Norwest Station, Platform 1",-33.7342274637283,150.96388116348996,,PST4004,2.0,,Metro,['M-1-T-L'],M-1-TLWG-LVPL
2153405,2153404.9999999995,"Norwest Station, Platform 2",-33.73436138993979,150.963919687527,,PST4004,2.0,,Metro,['M-1-L-T'],M-1-LVPL-TLWG
204992,204992.0,"Petersham Station, Platform 2",-33.89396091178809,151.155349890427,,PST1212,2.0,2,Train,['T2-C-L-A'],T2-CTYC-WSAR
204991,204991.0,"Petersham Station, Platform 1",-33.8938709588753,151.155345520147,,PST1212,2.0,1,Train,['T2-A-L-C'],T2-WSAR-CTYC
2113362,2113362.0,"North Ryde Station, Platform 2",-33.79431599508639,151.13802372515804,,PST1428,2.0,2,Metro,"['M-1-L-T', 'M-2-B-E']",M-1-LVPL-TLWG
2113362,2113362.0,"North Ryde Station, Platform 2",-33.79431599508639,151.13802372515804,,PST1428,2.0,2,Metro,"['M-1-L-T', 'M-2-B-E']",M-2-BKTN-EPNG
2113361,2113360.9999999995,"North Ryde Station, Platform 1",-33.7941706169415,151.138059885468,,PST1428,2.0,1,Metro,"['M-1-T-L', 'M-2-E-B']",M-1-TLWG-LVPL
2113361,2113360.9999999995,"North Ryde Station, Platform 1",-33.7941706169415,151.138059885468,,PST1428,2.0,1,Metro,"['M-1-T-L', 'M-2-E-B']",M-2-EPNG-BKTN
2170812,2170812.0,"Casula Station, Platform 2",-33.9501724678978,150.911892038379,,PST1290,2.0,2,Train,['T2-C-L-A'],T2-CTYC-WSAR
2170811,2170811.0000000005,"Casula Station, Platform 1",-33.95029425149969,150.911746240331,,PST1290,2.0,1,Train,['T2-A-L-C'],T2-WSAR-CTYC
216762,216762.0,"Glenfield Station, Platform 2",-33.9724331201543,150.89277398845798,,PST1291,2.0,2,Train,['T2-A-L-C'],T2-WSAR-CTYC
216765,216765.0,"Glenfield Station, Platform 4",-33.972536991330706,150.892908517521,,PST1291,2.0,,Train,['T2-C-L-A'],T2-CTYC-WSAR
213495,213495.0,"Burwood Station, Platform 5",-33.877289160184496,151.10417941933295,,PST1207,2.0,5,Train,['T2-A-L-C'],T2-WSAR-CTYC
2141314,2141314.0,"Lidcombe Station, Platform 4",-33.8638356033267,151.044895948672,,PST1218,2.0,4,Train,['T2-C-L-A'],T2-CTYC-WSAR
2170821,2170820.9999999995,"Liverpool Station, Platform 1",-33.9247391214828,150.92728741197402,,PST1289,2.0,1,Train,['T2-A-L-C'],T2-WSAR-CTYC
2170824,2170824.0,"Liverpool Station, Platform 4",-33.92489177287389,150.92758628391803,,PST1289,2.0,4,Train,['T2-C-L-A'],T2-CTYC-WSAR
2015136,2015136.0,"Redfern Station, Platform 6",-33.891973308709,151.19875033027202,,PST1421,1.0,6,Train,['T2-C-L-A'],T2-CTYC-WSAR
2015135,2015135.0000000002,"Redfern Station, Platform 5",-33.89195184767091,151.19858721813299,,PST1421,2.0,5,Train,['T2-A-L-C'],T2-WSAR-CTYC
20560111,20560.111,"Crows Nest Station, Platform 2",-33.82544528214738,151.1988649779553,,PST2056011,,2,Metro,"['M-1-L-T', 'M-2-B-E']",M-1-LVPL-TLWG
20560111,20560.111,"Crows Nest Station, Platform 2",-33.82544528214738,151.1988649779553,,PST2056011,,2,Metro,"['M-1-L-T', 'M-2-B-E']",M-2-BKTN-EPNG
20560112,20560.112,"Crows Nest Station, Platform 1",-33.82534999856889,151.19904999000852,,PST2056011,,1,Metro,"['M-1-T-L', 'M-2-E-B']",M-1-TLWG-LVPL
20560112,20560.112,"Crows Nest Station, Platform 1",-33.82534999856889,151.19904999000852,,PST2056011,,1,Metro,"['M-1-T-L', 'M-2-E-B']",M-2-EPNG-BKTN
20560121,20560.121,"Victoria Cross Station, Platform 2",-33.83626454087036,151.20732399530235,,PST2056012,,2,Metro,"['M-1-L-T', 'M-2-B-E']",M-1-LVPL-TLWG
20560121,20560.121,"Victoria Cross Station, Platform 2",-33.83626454087036,151.20732399530235,,PST2056012,,2,Metro,"['M-1-L-T', 'M-2-B-E']",M-2-BKTN-EPNG
20560122,20560.122,"Victoria Cross Station, Platform 1",-33.836292789498685,151.20752990501268,,PST2056012,,1,Metro,"['M-1-T-L', 'M-2-E-B']",M-1-TLWG-LVPL
20560122,20560.122,"Victoria Cross Station, Platform 1",-33.836292789498685,151.20752990501268,,PST2056012,,1,Metro,"['M-1-T-L', 'M-2-E-B']",M-2-EPNG-BKTN
20560131,20560.131,"Barangaroo Station, Platform 1",-33.85849880194055,151.20260558726662,,PST2056013,,1,Metro,"['M-1-T-L', 'M-2-E-B']",M-1-TLWG-LVPL
20560131,20560.131,"Barangaroo Station, Platform 1",-33.85849880194055,151.20260558726662,,PST2056013,,1,Metro,"['M-1-T-L', 'M-2-E-B']",M-2-EPNG-BKTN
20560132,20560.132,"Barangaroo Station, Platform 2",-33.858501061973406,151.20251785253674,,PST2056013,,2,Metro,"['M-1-L-T', 'M-2-B-E']",M-1-LVPL-TLWG
20560132,20560.132,"Barangaroo Station, Platform 2",-33.858501061973406,151.20251785253674,,PST2056013,,2,Metro,"['M-1-L-T', 'M-2-B-E']",M-2-BKTN-EPNG
20560141,20560.141,"Martin Place Station, Platform 1",-33.866649952741106,151.21056829212188,,PST2056014,,1,Metro,"['M-1-T-L', 'M-2-E-B']",M-1-TLWG-LVPL
20560141,20560.141,"Martin Place Station, Platform 1",-33.866649952741106,151.21056829212188,,PST2056014,,1,Metro,"['M-1-T-L', 'M-2-E-B']",M-2-EPNG-BKTN
20560142,20560.142,"Martin Place Station, Platform 2",-33.8666200984353,151.210177608565,,PST2056014,,2,Metro,"['M-1-L-T', 'M-2-B-E']",M-1-LVPL-TLWG
20560142,20560.142,"Martin Place Station, Platform 2",-33.8666200984353,151.210177608565,,PST2056014,,2,Metro,"['M-1-L-T', 'M-2-B-E']",M-2-BKTN-EPNG
20560151,20560.151,"Pitt Street Station, Platform 1",-33.87346985518003,151.20896016868863,,PST2056015,,1,Metro,"['M-1-T-L', 'M-2-E-B']",M-1-TLWG-LVPL
20560151,20560.151,"Pitt Street Station, Platform 1",-33.87346985518003,151.20896016868863,,PST2056015,,1,Metro,"['M-1-T-L', 'M-2-E-B']",M-2-EPNG-BKTN
20560152,20560.152,"Pitt Street Station, Platform 2",-33.8733924559767,151.20832667004686,,PST2056015,,2,Metro,"['M-1-L-T', 'M-2-B-E']",M-1-LVPL-TLWG
20560152,20560.152,"Pitt Street Station, Platform 2",-33.8733924559767,151.20832667004686,,PST2056015,,2,Metro,"['M-1-L-T', 'M-2-B-E']",M-2-BKTN-EPNG
20560161,20560.161,"Central Station, Platform 1",-33.88387905906311,151.20667002636986,,PST1100,,1,Metro,"['M-1-T-L', 'M-2-E-B']",M-1-TLWG-LVPL
20560161,20560.161,"Central Station, Platform 1",-33.88387905906311,151.20667002636986,,PST1100,,1,Metro,"['M-1-T-L', 'M-2-E-B']",M-2-EPNG-BKTN
20560162,20560.162,"Central Station, Platform 2",-33.883844501370625,151.20659711902624,,PST1100,,2,Metro,"['M-1-L-T', 'M-2-B-E']",M-1-LVPL-TLWG
20560162,20560.162,"Central Station, Platform 2",-33.883844501370625,151.20659711902624,,PST1100,,2,Metro,"['M-1-L-T', 'M-2-B-E']",M-2-BKTN-EPNG
20560171,20560.171,"Waterloo Station, Platform 1",-33.89733106631236,151.2003076949158,,PST2056017,,1,Metro,"['M-1-T-L', 'M-2-E-B']",M-1-TLWG-LVPL
20560171,20560.171,"Waterloo Station, Platform 1",-33.89733106631236,151.2003076949158,,PST2056017,,1,Metro,"['M-1-T-L', 'M-2-E-B']",M-2-EPNG-BKTN
20560172,20560.172,"Waterloo Station, Platform 2",-33.89737568956407,151.20007650263386,,PST2056017,,2,Metro,"['M-1-L-T', 'M-2-B-E']",M-1-LVPL-TLWG
20560172,20560.172,"Waterloo Station, Platform 2",-33.89737568956407,151.20007650263386,,PST2056017,,2,Metro,"['M-1-L-T', 'M-2-B-E']",M-2-BKTN-EPNG
20560182,20560.182,"Sydenham Station, Platform 2",-33.914406926462725,151.16626485124945,,PST1326,,2,Metro,"['M-1-T-L', 'M-2-E-B']",M-1-TLWG-LVPL
20560182,20560.182,"Sydenham Station, Platform 2",-33.914406926462725,151.16626485124945,,PST1326,,2,Metro,"['M-1-T-L', 'M-2-E-B']",M-2-EPNG-BKTN
20560181,20560.181,"Sydenham Station, Platform 1",-33.9143595977592,151.16620623437788,,PST1326,,1,Metro,"['M-1-L-T', 'M-2-B-E']",M-1-LVPL-TLWG
20560181,20560.181,"Sydenham Station, Platform 1",-33.9143595977592,151.16620623437788,,PST1326,,1,Metro,"['M-1-L-T', 'M-2-B-E']",M-2-BKTN-EPNG
20560211,20560.211,"Bankstown Station, Platform 1",-33.91775548039166,151.03525780985925,,PST1401,,1,Metro,"['M-1-L-T', 'M-2-B-E']",M-1-LVPL-TLWG
20560211,20560.211,"Bankstown Station, Platform 1",-33.91775548039166,151.03525780985925,,PST1401,,1,Metro,"['M-1-L-T', 'M-2-B-E']",M-2-BKTN-EPNG
20560212,20560.212,"Bankstown Station, Platform 2",-33.917839579108445,151.03527416293477,,PST1401,,2,Metro,"['M-1-T-L', 'M-2-E-B']",M-1-TLWG-LVPL
20560212,20560.212,"Bankstown Station, Platform 2",-33.917839579108445,151.03527416293477,,PST1401,,2,Metro,"['M-1-T-L', 'M-2-E-B']",M-2-EPNG-BKTN
20560311,20560.311,"The Bays Station, Platform 1",-33.867109675196964,151.17851956473382,,PST2056031,,1,Metro,"['M-3a-M-W', 'M-3b-M-P']",M-3a-MBRA-WSIA
20560311,20560.311,"The Bays Station, Platform 1",-33.867109675196964,151.17851956473382,,PST2056031,,1,Metro,"['M-3a-M-W', 'M-3b-M-P']",M-3b-MBRA-PRMT
20560312,20560.312,"The Bays Station, Platform 2",-33.866843497254315,151.17863469383045,,PST2056031,,2,Metro,"['M-3a-W-M', 'M-3b-P-M']",M-3a-WSIA-MBRA
20560312,20560.312,"The Bays Station, Platform 2",-33.866843497254315,151.17863469383045,,PST2056031,,2,Metro,"['M-3a-W-M', 'M-3b-P-M']",M-3b-PRMT-MBRA
20560331,20560.331,"Five Dock Station, Platform 1",-33.867430618581906,151.12938146959715,,PST2056033,,1,Metro,"['M-3a-M-W', 'M-3b-M-P']",M-3a-MBRA-WSIA
20560331,20560.331,"Five Dock Station, Platform 1",-33.867430618581906,151.12938146959715,,PST2056033,,1,Metro,"['M-3a-M-W', 'M-3b-M-P']",M-3b-MBRA-PRMT
20560332,20560.332,"Five Dock Station, Platform 2",-33.86735583732831,151.12939945992716,,PST2056033,,2,Metro,"['M-3a-W-M', 'M-3b-P-M']",M-3a-WSIA-MBRA
20560332,20560.332,"Five Dock Station, Platform 2",-33.86735583732831,151.12939945992716,,PST2056033,,2,Metro,"['M-3a-W-M', 'M-3b-P-M']",M-3b-PRMT-MBRA
20560341,20560.341,"Burwood North Station, Platform 1",-33.868515586058194,151.10576080007186,,PST2056034,,1,Metro,"['M-3a-M-W', 'M-3b-M-P']",M-3a-MBRA-WSIA
20560341,20560.341,"Burwood North Station, Platform 1",-33.868515586058194,151.10576080007186,,PST2056034,,1,Metro,"['M-3a-M-W', 'M-3b-M-P']",M-3b-MBRA-PRMT
20560342,20560.342,"Burwood North Station, Platform 2",-33.868204982799746,151.1058523495342,,PST2056034,,2,Metro,"['M-3a-W-M', 'M-3b-P-M']",M-3a-WSIA-MBRA
20560342,20560.342,"Burwood North Station, Platform 2",-33.868204982799746,151.1058523495342,,PST2056034,,2,Metro,"['M-3a-W-M', 'M-3b-P-M']",M-3b-PRMT-MBRA
20560351,20560.351,"North Strathfield Metro Station, Platform 1",-33.85835559921832,151.08822497135853,,PST1205,,1,Metro,"['M-3a-M-W', 'M-3b-M-P']",M-3a-MBRA-WSIA
20560351,20560.351,"North Strathfield Metro Station, Platform 1",-33.85835559921832,151.08822497135853,,PST1205,,1,Metro,"['M-3a-M-W', 'M-3b-M-P']",M-3b-MBRA-PRMT
20560352,20560.352,"North Strathfield Metro Station, Platform 2",-33.85828555531905,151.0885540875819,,PST1205,,2,Metro,"['M-3a-W-M', 'M-3b-P-M']",M-3a-WSIA-MBRA
20560352,20560.352,"North Strathfield Metro Station, Platform 2",-33.85828555531905,151.0885540875819,,PST1205,,2,Metro,"['M-3a-W-M', 'M-3b-P-M']",M-3b-PRMT-MBRA
20560362,20560.362,"Olympic Park Metro Station, Platform 2",-33.8490749620882,151.06981353603396,,PST2056036,,2,Metro,"['M-3a-W-M', 'M-3b-P-M']",M-3a-WSIA-MBRA
20560362,20560.362,"Olympic Park Metro Station, Platform 2",-33.8490749620882,151.06981353603396,,PST2056036,,2,Metro,"['M-3a-W-M', 'M-3b-P-M']",M-3b-PRMT-MBRA
20560361,20560.361,"Olympic Park Metro Station, Platform 1",-33.84924923524126,151.06942272055485,,PST2056036,,1,Metro,"['M-3a-M-W', 'M-3b-M-P']",M-3a-MBRA-WSIA
20560361,20560.361,"Olympic Park Metro Station, Platform 1",-33.84924923524126,151.06942272055485,,PST2056036,,1,Metro,"['M-3a-M-W', 'M-3b-M-P']",M-3b-MBRA-PRMT
20560391,20560.391,"Parramatta Metro Station, Platform 1",-33.814813043811725,151.00440391784633,,PST2056039,,1,Metro,"['M-3a-M-W', 'M-3b-M-P']",M-3a-MBRA-WSIA
20560391,20560.391,"Parramatta Metro Station, Platform 1",-33.814813043811725,151.00440391784633,,PST2056039,,1,Metro,"['M-3a-M-W', 'M-3b-M-P']",M-3b-MBRA-PRMT
20560392,20560.392,"Parramatta Metro Station, Platform 2",-33.81470561404877,151.00443041103398,,PST2056039,,2,Metro,"['M-3a-W-M', 'M-3b-P-M']",M-3a-WSIA-MBRA
20560392,20560.392,"Parramatta Metro Station, Platform 2",-33.81470561404877,151.00443041103398,,PST2056039,,2,Metro,"['M-3a-W-M', 'M-3b-P-M']",M-3b-PRMT-MBRA
205603102,20560.3102,"Westmead Metro Station, Platform 2",-33.80874929122711,150.98768470339286,,PST1230,,2,Metro,"['M-3a-M-W', 'M-5-E-W']",M-3a-MBRA-WSIA
205603102,20560.3102,"Westmead Metro Station, Platform 2",-33.80874929122711,150.98768470339286,,PST1230,,2,Metro,"['M-3a-M-W', 'M-5-E-W']",M-5-EPNG-WSIA
20560421,20560.421,"CBD Hunter Street, Platform 1",-33.86564508463136,151.20846258342164,,PST2056042,,1,Metro,"['M-3a-M-W', 'M-3b-M-P']",M-3a-MBRA-WSIA
20560421,20560.421,"CBD Hunter Street, Platform 1",-33.86564508463136,151.20846258342164,,PST2056042,,1,Metro,"['M-3a-M-W', 'M-3b-M-P']",M-3b-MBRA-PRMT
20560422,20560.422,"CBD Hunter Street, Platform 2",-33.86557684444793,151.2084691290217,,PST2056042,,2,Metro,"['M-3a-W-M', 'M-3b-P-M']",M-3a-WSIA-MBRA
20560422,20560.422,"CBD Hunter Street, Platform 2",-33.86557684444793,151.2084691290217,,PST2056042,,2,Metro,"['M-3a-W-M', 'M-3b-P-M']",M-3b-PRMT-MBRA
20560431,20560.431,"Redfern Station, Platform 1",-33.89269641636107,151.1984849786661,,PST1421,,1,Metro,"['M-3a-M-W', 'M-3b-M-P']",M-3a-MBRA-WSIA
20560431,20560.431,"Redfern Station, Platform 1",-33.89269641636107,151.1984849786661,,PST1421,,1,Metro,"['M-3a-M-W', 'M-3b-M-P']",M-3b-MBRA-PRMT
20560432,20560.432,"Redfern Station, Platform 2",-33.89270342925104,151.19854384624603,,PST1421,,2,Metro,"['M-3a-W-M', 'M-3b-P-M']",M-3a-WSIA-MBRA
20560432,20560.432,"Redfern Station, Platform 2",-33.89270342925104,151.19854384624603,,PST1421,,2,Metro,"['M-3a-W-M', 'M-3b-P-M']",M-3b-PRMT-MBRA
20560441,20560.441,"Zetland Station, Platform 1",-33.90860306800141,151.2082917737242,,PST2056044,,1,Metro,"['M-3a-M-W', 'M-3b-M-P']",M-3a-MBRA-WSIA
20560441,20560.441,"Zetland Station, Platform 1",-33.90860306800141,151.2082917737242,,PST2056044,,1,Metro,"['M-3a-M-W', 'M-3b-M-P']",M-3b-MBRA-PRMT
20560442,20560.442,"Zetland Station, Platform 2",-33.908468248482755,151.20837442929937,,PST2056044,,2,Metro,"['M-3a-W-M', 'M-3b-P-M']",M-3a-WSIA-MBRA
20560442,20560.442,"Zetland Station, Platform 2",-33.908468248482755,151.20837442929937,,PST2056044,,2,Metro,"['M-3a-W-M', 'M-3b-P-M']",M-3b-PRMT-MBRA
20560511,20560.511,"St Marys Station, Platform 1",-33.76225656580473,150.77506183629274,,PST1249,,1,Metro,['M-6-T-M'],M-6-TLWG-MCTR
20560512,20560.512,"St Marys Station, Platform 2",-33.76223588972517,150.77507068621955,,PST1249,,2,Metro,['M-6-M-T'],M-6-MCTR-TLWG
20560561,20560.561,"Aerotropolis Station, Platform 1",-33.92064684542737,150.73570936651873,,PST2056056,,1,Metro,['M-6-T-M'],M-6-TLWG-MCTR
20560562,20560.562,"Aerotropolis Station, Platform 2",-33.92066138747845,150.7355645004093,,PST2056056,,2,Metro,['M-6-M-T'],M-6-MCTR-TLWG
20560581,20560.581,"Narellan, Platform 1",-34.04198807556002,150.73524023743343,,PST2056058,,1,Metro,['M-6-T-M'],M-6-TLWG-MCTR
20560582,20560.582,"Narellan, Platform 2",-34.04208886154506,150.735040349896,,PST2056058,,2,Metro,['M-6-M-T'],M-6-MCTR-TLWG
20560591,20560.591,"Macarthur Metro Station, Platform 1",-34.071754395802806,150.7970686895866,,PST1297,,1,Metro,['M-6-M-T'],M-6-MCTR-TLWG
20560592,20560.592,"Macarthur Metro Station, Platform 2",-34.071736371431435,150.79706109540467,,PST1297,,2,Metro,['M-6-T-M'],M-6-TLWG-MCTR
20560621,20560.621,"Rossmore, Platform 1",-33.951125036329444,150.78109796209262,,PST2056062,,1,Train,['T2-C-L-A'],T2-CTYC-WSAR
20560622,20560.622,"Rossmore, Platform 2",-33.950872309309084,150.78110343053956,,PST2056062,,2,Train,['T2-A-L-C'],T2-WSAR-CTYC
20560563,20560.563,"Aerotropolis Station, Platform 3",-33.92062489795135,150.7362846269289,,PST2056056,,3,Train,['T2-A-L-C'],T2-WSAR-CTYC
20560564,20560.564,"Aerotropolis Station, Platform 4",-33.92063938280773,150.73619707512702,,PST2056056,,4,Train,['T2-C-L-A'],T2-CTYC-WSAR
20560721,20560.721,"Marsden Park, Platform 1",-33.702113178339346,150.81148023675175,,PST2056072,,1,Metro,['M-6-T-M'],M-6-TLWG-MCTR
20560722,20560.722,"Marsden Park, Platform 2",-33.701931898561924,150.81124044596763,,PST2056072,,2,Metro,['M-6-M-T'],M-6-MCTR-TLWG
20560731,20560.731,"Schofields Station, Platform 1",-33.704709459048125,150.8736869133487,,PST1238,,1,Metro,['M-6-T-M'],M-6-TLWG-MCTR
20560732,20560.732,"Schofields Station, Platform 2",-33.70468236797384,150.87367621878192,,PST1238,,2,Metro,['M-6-M-T'],M-6-MCTR-TLWG
20560741,20560.741,"Tallawong Station, Platform 1",-33.69158178000232,150.9058476403347,,PST4008,,1,Metro,['M-6-M-T'],M-6-MCTR-TLWG
20560744,20560.744,"Tallawong Station, Platform 4",-33.691771962682274,150.90591529752282,,PST4008,,4,Metro,['M-6-T-M'],M-6-TLWG-MCTR
20560851,20560.851,"Prairiewood, Platform 1",-33.85758835517348,150.89732313563982,,PST2056085,,1,Metro,"['M-3a-M-W', 'M-5-E-W']",M-3a-MBRA-WSIA
20560851,20560.851,"Prairiewood, Platform 1",-33.85758835517348,150.89732313563982,,PST2056085,,1,Metro,"['M-3a-M-W', 'M-5-E-W']",M-5-EPNG-WSIA
20560852,20560.852,"Prairiewood, Platform 2",-33.85739886767362,150.8972261051826,,PST2056085,,2,Metro,"['M-3a-W-M', 'M-5-W-E']",M-3a-WSIA-MBRA
20560852,20560.852,"Prairiewood, Platform 2",-33.85739886767362,150.8972261051826,,PST2056085,,2,Metro,"['M-3a-W-M', 'M-5-W-E']",M-5-WSIA-EPNG
20560571,20560.571,"Oran Park, Platform 1",-33.99951976378524,150.73998031427809,,PST2056057,,1,Metro,['M-6-T-M'],M-6-TLWG-MCTR
20560572,20560.572,"Oran Park, Platform 2",-33.99952830493909,150.7398310473908,,PST2056057,,2,Metro,['M-6-M-T'],M-6-MCTR-TLWG
205608121,20560.812099999996,"Aerotropolis Station, Platfrom 5",-33.9206296414983,150.7358842164783,,PST2056056,,5,Metro,"['M-3a-M-W', 'M-5-E-W']",M-3a-MBRA-WSIA
205608121,20560.812099999996,"Aerotropolis Station, Platfrom 5",-33.9206296414983,150.7358842164783,,PST2056056,,5,Metro,"['M-3a-M-W', 'M-5-E-W']",M-5-EPNG-WSIA
205608122,20560.8122,"Aerotropolis Station, Platfrom 6",-33.920678724083864,150.73534420971612,,PST2056056,,6,Metro,"['M-3a-W-M', 'M-5-W-E']",M-3a-WSIA-MBRA
205608122,20560.8122,"Aerotropolis Station, Platfrom 6",-33.920678724083864,150.73534420971612,,PST2056056,,6,Metro,"['M-3a-W-M', 'M-5-W-E']",M-5-WSIA-EPNG
20560915,20560.915,"Parramatta Metro Station, Platform 5",-33.81498375363542,151.00436536564453,,PST2056039,,5,Metro,"['M-4a-K-T', 'M-4b-K-N']",M-4a-KGRH-TLWG
20560915,20560.915,"Parramatta Metro Station, Platform 5",-33.81498375363542,151.00436536564453,,PST2056039,,5,Metro,"['M-4a-K-T', 'M-4b-K-N']",M-4b-KGRH-NWST
20560916,20560.916,"Parramatta Metro Station, Platform 6",-33.814926931515416,151.00437693052498,,PST2056039,,6,Metro,"['M-4a-T-K', 'M-4b-N-K']",M-4a-TLWG-KGRH
20560916,20560.916,"Parramatta Metro Station, Platform 6",-33.814926931515416,151.00437693052498,,PST2056039,,6,Metro,"['M-4a-T-K', 'M-4b-N-K']",M-4b-NWST-KGRH
20560943,20560.943,"Bankstown Station, Platform 3",-33.917876614640235,151.03528101262643,,PST1401,,3,Metro,"['M-4a-K-T', 'M-4b-K-N']",M-4a-KGRH-TLWG
20560943,20560.943,"Bankstown Station, Platform 3",-33.917876614640235,151.03528101262643,,PST1401,,3,Metro,"['M-4a-K-T', 'M-4b-K-N']",M-4b-KGRH-NWST
20560944,20560.944,"Bankstown Station, Platform 4",-33.91772971024918,151.0352551000189,,PST1401,,4,Metro,"['M-4a-T-K', 'M-4b-N-K']",M-4a-TLWG-KGRH
20560944,20560.944,"Bankstown Station, Platform 4",-33.91772971024918,151.0352551000189,,PST1401,,4,Metro,"['M-4a-T-K', 'M-4b-N-K']",M-4b-NWST-KGRH
20560951,20560.951,"Kingsgrove Metro Station, Platform 1",-33.940612171255864,151.10087516912324,,PST1412,,1,Metro,"['M-4a-K-T', 'M-4b-K-N']",M-4a-KGRH-TLWG
20560951,20560.951,"Kingsgrove Metro Station, Platform 1",-33.940612171255864,151.10087516912324,,PST1412,,1,Metro,"['M-4a-K-T', 'M-4b-K-N']",M-4b-KGRH-NWST
20560952,20560.952,"Kingsgrove Metro Station, Platform 2",-33.9405953270444,151.10088780959993,,PST1412,,2,Metro,"['M-4a-T-K', 'M-4b-N-K']",M-4a-TLWG-KGRH
20560952,20560.952,"Kingsgrove Metro Station, Platform 2",-33.9405953270444,151.10088780959993,,PST1412,,2,Metro,"['M-4a-T-K', 'M-4b-N-K']",M-4b-NWST-KGRH
20560961,20560.961,"Kogarah Metro Station, Platform 1",-33.96266715585932,151.1322867282992,,PST1336,,1,Metro,"['M-4a-T-K', 'M-4b-N-K']",M-4a-TLWG-KGRH
20560961,20560.961,"Kogarah Metro Station, Platform 1",-33.96266715585932,151.1322867282992,,PST1336,,1,Metro,"['M-4a-T-K', 'M-4b-N-K']",M-4b-NWST-KGRH
20560962,20560.962,"Kogarah Metro Station, Platform 2",-33.96265623087442,151.13225028023814,,PST1336,,2,Metro,"['M-4a-K-T', 'M-4b-K-N']",M-4a-KGRH-TLWG
20560962,20560.962,"Kogarah Metro Station, Platform 2",-33.96265623087442,151.13225028023814,,PST1336,,2,Metro,"['M-4a-K-T', 'M-4b-K-N']",M-4b-KGRH-NWST
205601017,20560.101699999996,"Parramatta Metro Station, Platform 7",-33.814592053111355,151.00445889253552,,PST2056039,,7,Metro,['M-5-W-E'],M-5-WSIA-EPNG
205601018,20560.1018,"Parramatta Metro Station, Platform 8",-33.81465650500336,151.00444262762502,,PST2056039,,8,Metro,['M-5-E-W'],M-5-EPNG-WSIA
205601031,20560.103100000004,"Carlingford, Platform 1",-33.78215869646537,151.04693478904233,,PST20560103,,1,Metro,['M-5-E-W'],M-5-EPNG-WSIA
205601032,20560.1032,"Carlingford, Platform 2",-33.78210769830012,151.0468613458158,,PST20560103,,2,Metro,['M-5-W-E'],M-5-WSIA-EPNG
205601047,20560.104700000004,"Epping Station, Platform 7",-33.77288897385091,151.0824070759325,,PST1429,,7,Metro,['M-5-W-E'],M-5-WSIA-EPNG
205601048,20560.1048,"Epping Station, Platform 8",-33.77293763168529,151.08203279939622,,PST1429,,8,Metro,['M-5-E-W'],M-5-EPNG-WSIA
205601121,20560.112099999995,"Bankstown Airport, Platform 1",-33.929604454930306,150.99144559320996,,PST20560112,,1,Metro,['M-1-T-L'],M-1-TLWG-LVPL
205601122,20560.1122,"Bankstown Airport, Platform 2",-33.929323968358,150.99141485956625,,PST20560112,,2,Metro,['M-1-L-T'],M-1-LVPL-TLWG
205601131,20560.113100000006,"Moorebank, Platform 1",-33.92938226925348,150.9540983787383,,PST20560113,,1,Metro,['M-1-T-L'],M-1-TLWG-LVPL
205601132,20560.1132,"Moorebank, Platform 2",-33.929243308730506,150.95410837886234,,PST20560113,,2,Metro,['M-1-L-T'],M-1-LVPL-TLWG
205601141,20560.114099999995,"Liverpool Metro Station, Platform 1",-33.925119860311014,150.92747951115228,,PST1289,,1,Metro,['M-1-T-L'],M-1-TLWG-LVPL
205601142,20560.1142,"Liverpool Metro Station, Platform 2",-33.92509843820893,150.92742352608394,,PST1289,,2,Metro,['M-1-L-T'],M-1-LVPL-TLWG
20560521,20560.521,"Orchard Hills, Platform 1",-33.788286844037245,150.75254861795514,,PST2056052,,1,Metro,['M-6-T-M'],M-6-TLWG-MCTR
20560522,20560.522,"Orchard Hills, Platform 2",-33.788338457710054,150.7524430756938,,PST2056052,,2,Metro,['M-6-M-T'],M-6-MCTR-TLWG
20560531,20560.531,"Luddenham, Platform 1",-33.84060134376128,150.74173386377961,,PST2056053,,1,Metro,['M-6-T-M'],M-6-TLWG-MCTR
20560532,20560.532,"Luddenham, Platform 2",-33.84061458161533,150.74160223063723,,PST2056053,,2,Metro,['M-6-M-T'],M-6-MCTR-TLWG
20560541,20560.541,"Western Sydney International Business Park, Platform 1",-33.88229763613959,150.73794620662682,,PST2056054,,1,Metro,['M-6-T-M'],M-6-TLWG-MCTR
20560542,20560.542,"Western Sydney International Business Park, Platform 2",-33.882194873878504,150.7378654358777,,PST2056054,,2,Metro,['M-6-M-T'],M-6-MCTR-TLWG
205608101,20560.810099999995,"Western Sydney International Business Park, Platform 3",-33.88239985142392,150.73803262086486,,PST2056054,,3,Metro,"['M-3a-M-W', 'M-5-E-W']",M-3a-MBRA-WSIA
205608101,20560.810099999995,"Western Sydney International Business Park, Platform 3",-33.88239985142392,150.73803262086486,,PST2056054,,3,Metro,"['M-3a-M-W', 'M-5-E-W']",M-5-EPNG-WSIA
205608102,20560.8102,"Western Sydney International Business Park, Platform 4",-33.88205272559115,150.73773250542447,,PST2056054,,4,Metro,"['M-3a-W-M', 'M-5-W-E']",M-3a-WSIA-MBRA
205608102,20560.8102,"Western Sydney International Business Park, Platform 4",-33.88205272559115,150.73773250542447,,PST2056054,,4,Metro,"['M-3a-W-M', 'M-5-W-E']",M-5-WSIA-EPNG
20560551,20560.551,"Western Sydney International Airport Terminal, Platform 1",-33.89068267014095,150.7206043363625,,PST2056055,,1,Metro,['M-6-T-M'],M-6-TLWG-MCTR
20560552,20560.552,"Western Sydney International Airport Terminal, Platform 2",-33.89054605072061,150.72048705947725,,PST2056055,,2,Metro,['M-6-M-T'],M-6-MCTR-TLWG
205608111,20560.811100000006,"Western Sydney International Airport Terminal, Platform 3",-33.890808090929184,150.72072191164293,,PST2056055,,3,Metro,"['M-3a-M-W', 'M-5-E-W']",M-3a-MBRA-WSIA
205608111,20560.811100000006,"Western Sydney International Airport Terminal, Platform 3",-33.890808090929184,150.72072191164293,,PST2056055,,3,Metro,"['M-3a-M-W', 'M-5-E-W']",M-5-EPNG-WSIA
205608112,20560.8112,"Western Sydney International Airport Terminal, Platform 4",-33.890397984092026,150.72035665290198,,PST2056055,,4,Metro,"['M-3a-W-M', 'M-5-W-E']",M-3a-WSIA-MBRA
205608112,20560.8112,"Western Sydney International Airport Terminal, Platform 4",-33.890397984092026,150.72035665290198,,PST2056055,,4,Metro,"['M-3a-W-M', 'M-5-W-E']",M-5-WSIA-EPNG
205601021,20560.102100000004,"North Parramatta, Platform 1",-33.79989986668436,151.019313811173,,PST20560102,,1,Metro,['M-5-E-W'],M-5-EPNG-WSIA
205601022,20560.1022,"North Parramatta, Platform 2",-33.79981666657495,151.0191559324246,,PST20560102,,2,Metro,['M-5-W-E'],M-5-WSIA-EPNG
20560921,20560.921,"Granville Metro Station, Platform 1",-33.83534290024752,151.00675453979707,,PST2056092,,1,Metro,"['M-4a-K-T', 'M-4b-K-N']",M-4a-KGRH-TLWG
20560921,20560.921,"Granville Metro Station, Platform 1",-33.83534290024752,151.00675453979707,,PST2056092,,1,Metro,"['M-4a-K-T', 'M-4b-K-N']",M-4b-KGRH-NWST
20560922,20560.922,"Granville Metro Station, Platform 2",-33.83537666989511,151.00722715614887,,PST2056092,,2,Metro,"['M-4a-T-K', 'M-4b-N-K']",M-4a-TLWG-KGRH
20560922,20560.922,"Granville Metro Station, Platform 2",-33.83537666989511,151.00722715614887,,PST2056092,,2,Metro,"['M-4a-T-K', 'M-4b-N-K']",M-4b-NWST-KGRH
20560931,20560.931,"Regents Park Metro Station, Platform 1",-33.88074380334627,151.01670123906368,,PST2056093,,1,Metro,"['M-4a-T-K', 'M-4b-N-K']",M-4a-TLWG-KGRH
20560931,20560.931,"Regents Park Metro Station, Platform 1",-33.88074380334627,151.01670123906368,,PST2056093,,1,Metro,"['M-4a-T-K', 'M-4b-N-K']",M-4b-NWST-KGRH
20560932,20560.932,"Regents Park Metro Station, Platform 2",-33.880796447207196,151.01649003513995,,PST2056093,,2,Metro,"['M-4a-K-T', 'M-4b-K-N']",M-4a-KGRH-TLWG
20560932,20560.932,"Regents Park Metro Station, Platform 2",-33.880796447207196,151.01649003513995,,PST2056093,,2,Metro,"['M-4a-K-T', 'M-4b-K-N']",M-4b-KGRH-NWST
20560321,20560.321,"Lilyfield, Platform 1",-33.86715074312805,151.15548609697595,,PST2056032,,1,Metro,"['M-3a-M-W', 'M-3b-M-P']",M-3a-MBRA-WSIA
20560321,20560.321,"Lilyfield, Platform 1",-33.86715074312805,151.15548609697595,,PST2056032,,1,Metro,"['M-3a-M-W', 'M-3b-M-P']",M-3b-MBRA-PRMT
20560322,20560.322,"Lilyfield, Platform 2",-33.86694869232019,151.15542614100661,,PST2056032,,2,Metro,"['M-3a-W-M', 'M-3b-P-M']",M-3a-WSIA-MBRA
20560322,20560.322,"Lilyfield, Platform 2",-33.86694869232019,151.15542614100661,,PST2056032,,2,Metro,"['M-3a-W-M', 'M-3b-P-M']",M-3b-PRMT-MBRA
20560371,20560.371,"Silverwater, Platform 1",-33.83827152447077,151.0467932580827,,PST2056037,,1,Metro,"['M-3a-M-W', 'M-3b-M-P']",M-3a-MBRA-WSIA
20560371,20560.371,"Silverwater, Platform 1",-33.83827152447077,151.0467932580827,,PST2056037,,1,Metro,"['M-3a-M-W', 'M-3b-M-P']",M-3b-MBRA-PRMT
20560372,20560.372,"Silverwater, Platform 2",-33.83788419407183,151.04692304899802,,PST2056037,,2,Metro,"['M-3a-W-M', 'M-3b-P-M']",M-3a-WSIA-MBRA
20560372,20560.372,"Silverwater, Platform 2",-33.83788419407183,151.04692304899802,,PST2056037,,2,Metro,"['M-3a-W-M', 'M-3b-P-M']",M-3b-PRMT-MBRA
20560381,20560.381,"Camellia, Platform 1",-33.82839600776355,151.02639866174445,,PST2056038,,1,Metro,"['M-3a-M-W', 'M-3b-M-P']",M-3a-MBRA-WSIA
20560381,20560.381,"Camellia, Platform 1",-33.82839600776355,151.02639866174445,,PST2056038,,1,Metro,"['M-3a-M-W', 'M-3b-M-P']",M-3b-MBRA-PRMT
20560382,20560.382,"Camellia, Platform 2",-33.828184255477794,151.0267285964554,,PST2056038,,2,Metro,"['M-3a-W-M', 'M-3b-P-M']",M-3a-WSIA-MBRA
20560382,20560.382,"Camellia, Platform 2",-33.828184255477794,151.0267285964554,,PST2056038,,2,Metro,"['M-3a-W-M', 'M-3b-P-M']",M-3b-PRMT-MBRA
20560824,20560.824,"Westmead Metro Station, Platform 4",-33.80866364258792,150.9877221380357,,PST1230,,4,Metro,"['M-3a-W-M', 'M-5-W-E']",M-3a-WSIA-MBRA
20560824,20560.824,"Westmead Metro Station, Platform 4",-33.80866364258792,150.9877221380357,,PST1230,,4,Metro,"['M-3a-W-M', 'M-5-W-E']",M-5-WSIA-EPNG
20560831,20560.831,"Merrylands West, Platform 1",-33.83085107838542,150.96275071306758,,PST2056083,,1,Metro,"['M-3a-M-W', 'M-5-E-W']",M-3a-MBRA-WSIA
20560831,20560.831,"Merrylands West, Platform 1",-33.83085107838542,150.96275071306758,,PST2056083,,1,Metro,"['M-3a-M-W', 'M-5-E-W']",M-5-EPNG-WSIA
20560832,20560.832,"Merrylands West, Platform 2",-33.83071785638217,150.96259727977198,,PST2056083,,2,Metro,"['M-3a-W-M', 'M-5-W-E']",M-3a-WSIA-MBRA
20560832,20560.832,"Merrylands West, Platform 2",-33.83071785638217,150.96259727977198,,PST2056083,,2,Metro,"['M-3a-W-M', 'M-5-W-E']",M-5-WSIA-EPNG
20560881,20560.881,"D Road, Platform 1",-33.867508597456585,150.79383503419382,,PST2056088,,1,Metro,"['M-3a-M-W', 'M-5-E-W']",M-3a-MBRA-WSIA
20560881,20560.881,"D Road, Platform 1",-33.867508597456585,150.79383503419382,,PST2056088,,1,Metro,"['M-3a-M-W', 'M-5-E-W']",M-5-EPNG-WSIA
20560882,20560.882,"D Road, Platform 2",-33.86743202712592,150.79381669443387,,PST2056088,,2,Metro,"['M-3a-W-M', 'M-5-W-E']",M-3a-WSIA-MBRA
20560882,20560.882,"D Road, Platform 2",-33.86743202712592,150.79381669443387,,PST2056088,,2,Metro,"['M-3a-W-M', 'M-5-W-E']",M-5-WSIA-EPNG
205601321,20560.132099999995,"Randwick, Platform 1",-33.9148537740887,151.22623240318282,,PST20560132,,1,Metro,"['M-3a-W-M', 'M-3b-P-M']",M-3a-WSIA-MBRA
205601321,20560.132099999995,"Randwick, Platform 1",-33.9148537740887,151.22623240318282,,PST20560132,,1,Metro,"['M-3a-W-M', 'M-3b-P-M']",M-3b-PRMT-MBRA
205601322,20560.1322,"Randwick, Platform 2",-33.915008231969765,151.22602584303579,,PST20560132,,2,Metro,"['M-3a-M-W', 'M-3b-M-P']",M-3a-MBRA-WSIA
205601322,20560.1322,"Randwick, Platform 2",-33.915008231969765,151.22602584303579,,PST20560132,,2,Metro,"['M-3a-M-W', 'M-3b-M-P']",M-3b-MBRA-PRMT
205601331,20560.133100000006,"Maroubra, Platform 1",-33.937179982048214,151.2402508575444,,PST20560133,,1,Metro,"['M-3a-W-M', 'M-3b-P-M']",M-3a-WSIA-MBRA
205601331,20560.133100000006,"Maroubra, Platform 1",-33.937179982048214,151.2402508575444,,PST20560133,,1,Metro,"['M-3a-W-M', 'M-3b-P-M']",M-3b-PRMT-MBRA
205601332,20560.1332,"Maroubra, Platform 2",-33.937257580954146,151.23979512938254,,PST20560133,,2,Metro,"['M-3a-M-W', 'M-3b-M-P']",M-3a-MBRA-WSIA
205601332,20560.1332,"Maroubra, Platform 2",-33.937257580954146,151.23979512938254,,PST20560133,,2,Metro,"['M-3a-M-W', 'M-3b-M-P']",M-3b-MBRA-PRMT
20560841,20560.841,"Wetherill Park, Platform 1",-33.84914047767445,150.92437107180572,,PST2056084,,1,Metro,"['M-3a-M-W', 'M-5-E-W']",M-3a-MBRA-WSIA
20560841,20560.841,"Wetherill Park, Platform 1",-33.84914047767445,150.92437107180572,,PST2056084,,1,Metro,"['M-3a-M-W', 'M-5-E-W']",M-5-EPNG-WSIA
20560842,20560.842,"Wetherill Park, Platform 2",-33.849040549781705,150.92428761329595,,PST2056084,,2,Metro,"['M-3a-W-M', 'M-5-W-E']",M-3a-WSIA-MBRA
20560842,20560.842,"Wetherill Park, Platform 2",-33.849040549781705,150.92428761329595,,PST2056084,,2,Metro,"['M-3a-W-M', 'M-5-W-E']",M-5-WSIA-EPNG
20560861,20560.861,"M7, Platform 1",-33.863128070963114,150.84684489793156,,PST2056086,,1,Metro,"['M-3a-M-W', 'M-5-E-W']",M-3a-MBRA-WSIA
20560861,20560.861,"M7, Platform 1",-33.863128070963114,150.84684489793156,,PST2056086,,1,Metro,"['M-3a-M-W', 'M-5-E-W']",M-5-EPNG-WSIA
20560862,20560.862,"M7, Platform 2",-33.86299281413956,150.84680795469052,,PST2056086,,2,Metro,"['M-3a-W-M', 'M-5-W-E']",M-3a-WSIA-MBRA
20560862,20560.862,"M7, Platform 2",-33.86299281413956,150.84680795469052,,PST2056086,,2,Metro,"['M-3a-W-M', 'M-5-W-E']",M-5-WSIA-EPNG
20560871,20560.871,"E Road, Platform 1",-33.86500521668908,150.824465478281,,PST2056087,,1,Metro,"['M-3a-M-W', 'M-5-E-W']",M-3a-MBRA-WSIA
20560871,20560.871,"E Road, Platform 1",-33.86500521668908,150.824465478281,,PST2056087,,1,Metro,"['M-3a-M-W', 'M-5-E-W']",M-5-EPNG-WSIA
20560872,20560.872,"E Road, Platform 2",-33.864880371083125,150.82444152816788,,PST2056087,,2,Metro,"['M-3a-W-M', 'M-5-W-E']",M-3a-WSIA-MBRA
20560872,20560.872,"E Road, Platform 2",-33.864880371083125,150.82444152816788,,PST2056087,,2,Metro,"['M-3a-W-M', 'M-5-W-E']",M-5-WSIA-EPNG
20560891,20560.891,"C Road, Platform 1",-33.86898083272224,150.7756612105178,,PST2056089,,1,Metro,"['M-3a-M-W', 'M-5-E-W']",M-3a-MBRA-WSIA
20560891,20560.891,"C Road, Platform 1",-33.86898083272224,150.7756612105178,,PST2056089,,1,Metro,"['M-3a-M-W', 'M-5-E-W']",M-5-EPNG-WSIA
20560892,20560.892,"C Road, Platform 2",-33.86891705262489,150.7756519714167,,PST2056089,,2,Metro,"['M-3a-W-M', 'M-5-W-E']",M-3a-WSIA-MBRA
20560892,20560.892,"C Road, Platform 2",-33.86891705262489,150.7756519714167,,PST2056089,,2,Metro,"['M-3a-W-M', 'M-5-W-E']",M-5-WSIA-EPNG
20560641,20560.641,"South Creek, Platform 1",-33.94852272625228,150.75678305580294,,PST2056064,,1,Train,['T2-C-L-A'],T2-CTYC-WSAR
20560642,20560.642,"South Creek, Platform 2",-33.948194633219096,150.75680398472642,,PST2056064,,2,Train,['T2-A-L-C'],T2-WSAR-CTYC
205601611,20560.161100000005,Westmead Station,-33.807693143283785,150.98738084989347,,,,,LightRail,['L-1-W-C'],L-PLR1-WSMD-CLFD
205601612,20560.1612,Westmead Station,-33.807696455458654,150.98739089655774,,,,,LightRail,['L-1-C-W'],L-PLR1-CLFD-WSMD
205601621,20560.162099999994,Westmead Hospital,-33.804782516275395,150.99005043098714,,,,,LightRail,['L-1-W-C'],L-PLR1-WSMD-CLFD
205601622,20560.1622,Westmead Hospital,-33.80479185837869,150.99006387286684,,,,,LightRail,['L-1-C-W'],L-PLR1-CLFD-WSMD
205601631,20560.163100000005,Children's Hospital at Westmead,-33.802756171606866,150.99301851979132,,,,,LightRail,['L-1-W-C'],L-PLR1-WSMD-CLFD
205601632,20560.1632,Children's Hospital at Westmead,-33.802773825348005,150.9929965322094,,,,,LightRail,['L-1-C-W'],L-PLR1-CLFD-WSMD
205601641,20560.164099999995,Cumberland Hospital,-33.80166938520117,151.00134452857867,,,,,LightRail,['L-1-W-C'],L-PLR1-WSMD-CLFD
205601642,20560.1642,Cumberland Hospital,-33.801689011778286,151.0013657265249,,,,,LightRail,['L-1-C-W'],L-PLR1-CLFD-WSMD
205601651,20560.165100000006,Factory Street,-33.80074747647155,151.004499949064,,,,,LightRail,['L-1-W-C'],L-PLR1-WSMD-CLFD
205601652,20560.1652,Factory Street,-33.80076377801703,151.0044589274198,,,,,LightRail,['L-1-C-W'],L-PLR1-CLFD-WSMD
205601661,20560.166099999995,Fennell Street,-33.80527178614445,151.0059264425609,,,,,LightRail,['L-1-W-C'],L-PLR1-WSMD-CLFD
205601662,20560.1662,Fennell Street,-33.80527111970097,151.00588523133572,,,,,LightRail,['L-1-C-W'],L-PLR1-CLFD-WSMD
205601671,20560.167100000006,Prince Alfred Square,-33.80915999315752,151.00527141824406,,,,,LightRail,['L-1-W-C'],L-PLR1-WSMD-CLFD
205601672,20560.1672,Prince Alfred Square,-33.809156788849705,151.00523798976027,,,,,LightRail,['L-1-C-W'],L-PLR1-CLFD-WSMD
205601681,20560.168099999995,Eat Street,-33.81338670833543,151.00347594016634,,,,,LightRail,['L-1-W-C'],L-PLR1-WSMD-CLFD
205601682,20560.1682,Eat Street,-33.81337977588577,151.00344705818674,,,,,LightRail,['L-1-C-W'],L-PLR1-CLFD-WSMD
205601691,20560.169100000006,Parramatta Square,-33.815514197218235,151.0049674820197,,,,,LightRail,['L-1-W-C'],L-PLR1-WSMD-CLFD
205601692,20560.1692,Parramatta Square,-33.81554908460249,151.00495430356492,,,,,LightRail,['L-1-C-W'],L-PLR1-CLFD-WSMD
2056016101,20560.16101,Harris Street,-33.81684081538402,151.0108554987026,,,,,LightRail,['L-1-W-C'],L-PLR1-WSMD-CLFD
2056016102,20560.161020000003,Harris Street,-33.816878388570466,151.0108427175898,,,,,LightRail,['L-1-C-W'],L-PLR1-CLFD-WSMD
2056016111,20560.16111,Tramway Avenue,-33.817303669840115,151.0182952786631,,,,,LightRail,['L-1-W-C'],L-PLR1-WSMD-CLFD
2056016112,20560.16112,Tramway Avenue,-33.81734493556609,151.0182912318051,,,,,LightRail,['L-1-C-W'],L-PLR1-CLFD-WSMD
2056016121,20560.16121,Camellia,-33.818313871138464,151.0244098329917,,,,,LightRail,['L-1-W-C'],L-PLR1-WSMD-CLFD
2056016122,20560.161219999995,Camellia,-33.81831977965915,151.02443083658298,,,,,LightRail,['L-1-C-W'],L-PLR1-CLFD-WSMD
2056016131,20560.16131,Rydalmere,-33.810288097382525,151.0288998038953,,,,,LightRail,['L-1-W-C'],L-PLR1-WSMD-CLFD
2056016132,20560.16132,Rydalmere,-33.81030419570741,151.02893119737382,,,,,LightRail,['L-1-C-W'],L-PLR1-CLFD-WSMD
2056016141,20560.16141,Dundas,-33.80383901399957,151.03316442426643,,,,,LightRail,['L-1-W-C'],L-PLR1-WSMD-CLFD
2056016142,20560.161420000004,Dundas,-33.80386261907514,151.03318250431525,,,,,LightRail,['L-1-C-W'],L-PLR1-CLFD-WSMD
2056016151,20560.16151,Telopea,-33.79453148786528,151.04099839554297,,,,,LightRail,['L-1-W-C'],L-PLR1-WSMD-CLFD
2056016152,20560.16152,Telopea,-33.79455301919671,151.04103552864638,,,,,LightRail,['L-1-C-W'],L-PLR1-CLFD-WSMD
2056016161,20560.16161,Carlingford,-33.782078533498776,151.04705126624074,,,,,LightRail,['L-1-W-C'],L-PLR1-WSMD-CLFD
2056016162,20560.161619999995,Carlingford,-33.782090944703576,151.04707367331739,,,,,LightRail,['L-1-C-W'],L-PLR1-CLFD-WSMD
2056016171,20560.16171,Western Sydney University,-33.813470526015394,151.02659817250398,,,,,LightRail,['L-1-W-C'],L-PLR1-WSMD-CLFD
2056016172,20560.16172,Western Sydney University,-33.81349229766869,151.02661759480287,,,,,LightRail,['L-1-C-W'],L-PLR1-CLFD-WSMD
205601711,20560.171100000003,Western Sydney University,-33.81345003789511,151.02666798313425,,,,,LightRail,['L-2-P-O'],L-PLR2-WSUN-OLYP
205601712,20560.1712,Western Sydney University,-33.81346972702292,151.02666379380597,,,,,LightRail,['L-2-O-P'],L-PLR2-OLYP-WSUN
205601721,20560.172099999996,Pike Street,-33.814571101412845,151.03568723612406,,,,,LightRail,['L-2-P-O'],L-PLR2-WSUN-OLYP
205601722,20560.1722,Pike Street,-33.814611604083446,151.0356288345401,,,,,LightRail,['L-2-O-P'],L-PLR2-OLYP-WSUN
205601731,20560.173100000004,Rydalmere Public School,-33.815785913331325,151.04418890926775,,,,,LightRail,['L-2-P-O'],L-PLR2-WSUN-OLYP
205601732,20560.1732,Rydalmere Public School,-33.815823995923466,151.0441880421913,,,,,LightRail,['L-2-O-P'],L-PLR2-OLYP-WSUN
205601741,20560.174100000004,Silverwater Road,-33.81807367940589,151.05169219753327,,,,,LightRail,['L-2-P-O'],L-PLR2-WSUN-OLYP
205601742,20560.1742,Silverwater Road,-33.81809826272656,151.05169653499638,,,,,LightRail,['L-2-O-P'],L-PLR2-OLYP-WSUN
205601751,20560.175100000004,Boronia Street,-33.817794172544204,151.0608494053794,,,,,LightRail,['L-2-P-O'],L-PLR2-WSUN-OLYP
205601752,20560.1752,Boronia Street,-33.81782247752529,151.06090726515527,,,,,LightRail,['L-2-O-P'],L-PLR2-OLYP-WSUN
205601761,20560.176099999993,Hope Street,-33.815353546909535,151.06543931323029,,,,,LightRail,['L-2-P-O'],L-PLR2-WSUN-OLYP
205601762,20560.1762,Hope Street,-33.81537583720873,151.06546060387296,,,,,LightRail,['L-2-O-P'],L-PLR2-OLYP-WSUN
205601771,20560.177100000004,Melrose Park,-33.81586488495188,151.0711128566951,,,,,LightRail,['L-2-P-O'],L-PLR2-WSUN-OLYP
205601772,20560.1772,Melrose Park,-33.81587993018105,151.0710953123151,,,,,LightRail,['L-2-O-P'],L-PLR2-OLYP-WSUN
205601781,20560.178099999994,Park Street North,-33.824015499136905,151.07719597985363,,,,,LightRail,['L-2-P-O'],L-PLR2-WSUN-OLYP
205601782,20560.1782,Park Street North,-33.824009257908685,151.0771557613591,,,,,LightRail,['L-2-O-P'],L-PLR2-OLYP-WSUN
205601791,20560.179100000005,Stromboli Strait,-33.82974735074998,151.07227334360536,,,,,LightRail,['L-2-P-O'],L-PLR2-WSUN-OLYP
205601792,20560.1792,Stromboli Strait,-33.82974224126176,151.07221914353002,,,,,LightRail,['L-2-O-P'],L-PLR2-OLYP-WSUN
2056017101,20560.17101,Australia Avenue,-33.840900214114555,151.0691749477453,,,,,LightRail,['L-2-P-O'],L-PLR2-WSUN-OLYP
2056017102,20560.171020000005,Australia Avenue,-33.84091138278989,151.06907845452915,,,,,LightRail,['L-2-O-P'],L-PLR2-OLYP-WSUN
2056017111,20560.17111,Olympic Park Station,-33.84697428400968,151.06933472219043,,,,,LightRail,['L-2-P-O'],L-PLR2-WSUN-OLYP
2056017112,20560.17112,Olympic Park Station,-33.84694944619357,151.06930085266353,,,,,LightRail,['L-2-O-P'],L-PLR2-OLYP-WSUN
2056017121,20560.17121,Edwin Flack Avenue,-33.84970304424071,151.06197630915233,,,,,LightRail,['L-2-P-O'],L-PLR2-WSUN-OLYP
2056017122,20560.171220000004,Edwin Flack Avenue,-33.84967906944986,151.06193298025556,,,,,LightRail,['L-2-O-P'],L-PLR2-OLYP-WSUN
205601221,20560.122099999997,"Westmead Light Rail Station, Platform 1",-33.80472589172291,150.9899766282857,,PST20560122,,1,Metro,"['M-4a-K-T', 'M-4b-K-N']",M-4a-KGRH-TLWG
205601221,20560.122099999997,"Westmead Light Rail Station, Platform 1",-33.80472589172291,150.9899766282857,,PST20560122,,1,Metro,"['M-4a-K-T', 'M-4b-K-N']",M-4b-KGRH-NWST
205601222,20560.1222,"Westmead Light Rail Station, Platform 2",-33.80465980930919,150.99006379142858,,PST20560122,,2,Metro,"['M-4a-T-K', 'M-4b-N-K']",M-4a-TLWG-KGRH
205601222,20560.1222,"Westmead Light Rail Station, Platform 2",-33.80465980930919,150.99006379142858,,PST20560122,,2,Metro,"['M-4a-T-K', 'M-4b-N-K']",M-4b-NWST-KGRH
205601231,20560.123100000004,"Briens Road, Platform 1",-33.796504647073476,150.98524351174268,,PST20560123,,1,Metro,"['M-4a-K-T', 'M-4b-K-N']",M-4a-KGRH-TLWG
205601231,20560.123100000004,"Briens Road, Platform 1",-33.796504647073476,150.98524351174268,,PST20560123,,1,Metro,"['M-4a-K-T', 'M-4b-K-N']",M-4b-KGRH-NWST
205601232,20560.1232,"Briens Road, Platform 2",-33.79645755034605,150.98543245294618,,PST20560123,,2,Metro,"['M-4a-T-K', 'M-4b-N-K']",M-4a-TLWG-KGRH
205601232,20560.1232,"Briens Road, Platform 2",-33.79645755034605,150.98543245294618,,PST20560123,,2,Metro,"['M-4a-T-K', 'M-4b-N-K']",M-4b-NWST-KGRH
205601251,20560.125100000005,"Abbott Road, Platform 1",-33.76559570025529,150.9583813994662,,PST20560125,,1,Metro,"['M-4a-K-T', 'M-4b-K-N']",M-4a-KGRH-TLWG
205601251,20560.125100000005,"Abbott Road, Platform 1",-33.76559570025529,150.9583813994662,,PST20560125,,1,Metro,"['M-4a-K-T', 'M-4b-K-N']",M-4b-KGRH-NWST
205601252,20560.1252,"Abbott Road, Platform 2",-33.76557143293123,150.95861491643524,,PST20560125,,2,Metro,"['M-4a-T-K', 'M-4b-N-K']",M-4a-TLWG-KGRH
205601252,20560.1252,"Abbott Road, Platform 2",-33.76557143293123,150.95861491643524,,PST20560125,,2,Metro,"['M-4a-T-K', 'M-4b-N-K']",M-4b-NWST-KGRH
205601241,20560.124099999994,"Old Toongabbie, Platform 1",-33.78322066385445,150.9690330680103,,PST20560124,,1,Metro,"['M-4a-K-T', 'M-4b-K-N']",M-4a-KGRH-TLWG
205601241,20560.124099999994,"Old Toongabbie, Platform 1",-33.78322066385445,150.9690330680103,,PST20560124,,1,Metro,"['M-4a-K-T', 'M-4b-K-N']",M-4b-KGRH-NWST
205601242,20560.1242,"Old Toongabbie, Platform 2",-33.78315059415353,150.96920950884854,,PST20560124,,2,Metro,"['M-4a-T-K', 'M-4b-N-K']",M-4a-TLWG-KGRH
205601242,20560.1242,"Old Toongabbie, Platform 2",-33.78315059415353,150.96920950884854,,PST20560124,,2,Metro,"['M-4a-T-K', 'M-4b-N-K']",M-4b-NWST-KGRH
205601261,20560.126099999994,"M7, Platform 1",-33.75145988309059,150.95180414949658,,PST20560126,,1,Metro,"['M-4a-K-T', 'M-4b-K-N']",M-4a-KGRH-TLWG
205601261,20560.126099999994,"M7, Platform 1",-33.75145988309059,150.95180414949658,,PST20560126,,1,Metro,"['M-4a-K-T', 'M-4b-K-N']",M-4b-KGRH-NWST
205601262,20560.1262,"M7, Platform 2",-33.751424272176564,150.9519903160488,,PST20560126,,2,Metro,"['M-4a-T-K', 'M-4b-N-K']",M-4a-TLWG-KGRH
205601262,20560.1262,"M7, Platform 2",-33.751424272176564,150.9519903160488,,PST20560126,,2,Metro,"['M-4a-T-K', 'M-4b-N-K']",M-4b-NWST-KGRH
205602013,20560.201299999993,"Bella Vista Station, Platform 3",-33.73075850936283,150.94394484458363,,PST4005,,3,Metro,['M-4a-K-T'],M-4a-KGRH-TLWG
205602014,20560.2014,"Bella Vista Station, Platform 4",-33.73067288639632,150.94424630968197,,PST4005,,4,Metro,['M-4a-T-K'],M-4a-TLWG-KGRH
205602023,20560.202300000004,"Kellyville Station, Platform 3",-33.713551254930714,150.93519760414299,,PST4006,,3,Metro,['M-4a-K-T'],M-4a-KGRH-TLWG
205602024,20560.20204,"Kellyville Station, Platform 4",-33.71349760954789,150.93536393847504,,PST4006,,4,Metro,['M-4a-T-K'],M-4a-TLWG-KGRH
205602033,20560.203299999994,"Rouse Hill Station, Platform 3",-33.69201838145697,150.9242652143172,,PST4007,,3,Metro,['M-4a-K-T'],M-4a-KGRH-TLWG
205602034,20560.2034,"Rouse Hill Station, Platform 4",-33.69196907658064,150.92435244430115,,PST4007,,4,Metro,['M-4a-T-K'],M-4a-TLWG-KGRH
205602043,20560.204300000005,"Tallawong Station, Platform 5",-33.691725848432256,150.90597900687322,,PST4008,,5,Metro,['M-4a-K-T'],M-4a-KGRH-TLWG
205602044,20560.2044,"Tallawong Station, Platform 6",-33.69159388151957,150.9059301906476,,PST4008,,6,Metro,['M-4a-T-K'],M-4a-TLWG-KGRH
205602053,20560.205299999994,"Norwest Station, Platform 3",-33.7341990425607,150.96385053423828,,PST4004,,3,Metro,['M-4b-K-N'],M-4b-KGRH-NWST
205602054,20560.2054,"Norwest Station, Platform 4",-33.73438902146743,150.96396497862352,,PST4004,,4,Metro,['M-4b-N-K'],M-4b-NWST-KGRH
205605101,20560.510099999996,Aerotropolis South,-33.93511570618848,150.7392730868339,,PST20560510,,1,Metro,['M-6-T-M'],M-6-TLWG-MCTR
205605102,20560.5102,Aerotropolis South,-33.935181961442524,150.73904601998933,,PST20560510,,2,Metro,['M-6-M-T'],M-6-MCTR-TLWG
20560651,20560.651,Aerotropolis South,-33.93494118837832,150.7397328050486,,PST20560510,,3,Train,['T2-A-L-C'],T2-WSAR-CTYC
20560652,20560.652,Aerotropolis South,-33.93496572340183,150.7396864719804,,PST20560510,,4,Train,['T2-C-L-A'],T2-CTYC-WSAR
