stop_id,stop_code,stop_name,stop_lat,stop_lon,location_t,parent_sta,wheelchair,platform_c,mode,route,shape_id,distAlongR
"214074",214074.000000000000000,"Homebush Station, Platform 4",-33.866789815475485,151.086383264863997,,PST1216,2.000000000000000,"4",Train,['T2-A-L-C'],T2-WSAR-CTYC,47466.7269977767
"214077",214077.000000000000000,"Homebush Station, Platform 7",-33.867061489675692,151.086342224215002,,PST1216,2.000000000000000,"7",Train,['T2-C-L-A'],T2-CTYC-WSAR,18740.0255612297
"2193111",2193111.000000000465661,"Canterbury Station, Platform 1",-33.911973853454604,151.118607054655001,,PST1395,2.000000000000000,"1",Metro,"['M-1-L-T', 'M-2-B-E']",M-1-LVPL-TLWG,18988.5209534014
"2193111",2193111.000000000465661,"Canterbury Station, Platform 1",-33.911973853454604,151.118607054655001,,PST1395,2.000000000000000,"1",Metro,"['M-1-L-T', 'M-2-B-E']",M-2-BKTN-EPNG,8717.6587178481
"2193112",2193112.000000000000000,"Canterbury Station, Platform 2",-33.911903372491487,151.118290259530994,,PST1395,2.000000000000000,"2",Metro,"['M-1-T-L', 'M-2-E-B']",M-1-TLWG-LVPL,57381.3302685523
"2193112",2193112.000000000000000,"Canterbury Station, Platform 2",-33.911903372491487,151.118290259530994,,PST1395,2.000000000000000,"2",Metro,"['M-1-T-L', 'M-2-E-B']",M-2-EPNG-BKTN,35356.8848280417
"2160261",2160260.999999999534339,"Merrylands Station, Platform 1",-33.836546878389605,150.992598993232008,,PST1282,2.000000000000000,"1",Train,['T2-A-L-C'],T2-WSAR-CTYC,36706.1888271992
"2160262",2160262.000000000000000,"Merrylands Station, Platform 2",-33.836607760696204,150.992666616427982,,PST1282,2.000000000000000,"2",Train,['T2-C-L-A'],T2-CTYC-WSAR,29514.4803969649
"204833",204833.000000000000000,"Stanmore Station, Platform 3",-33.894639801225487,151.164048045561970,,PST1213,2.000000000000000,"3",Train,['T2-C-L-A'],T2-CTYC-WSAR,10662.5858867784
"204832",204832.000000000000000,"Stanmore Station, Platform 2",-33.894531493720905,151.164053576770982,,PST1213,2.000000000000000,"2",Train,['T2-A-L-C'],T2-WSAR-CTYC,55553.3037177590
"2000391",2000391.000000000232831,"Town Hall Station, Platform 1",-33.873646892806697,151.206935214657960,,PST1101,2.000000000000000,"1",Train,['T2-C-L-A'],T2-CTYC-WSAR,4778.5072623925
"2113341",2113340.999999999534339,"Macquarie Park Station, Platform 1",-33.785006539692091,151.128413816668001,,PST1427,2.000000000000000,"1",Metro,"['M-1-T-L', 'M-2-E-B']",M-1-TLWG-LVPL,27311.9930108070
"2113341",2113340.999999999534339,"Macquarie Park Station, Platform 1",-33.785006539692091,151.128413816668001,,PST1427,2.000000000000000,"1",Metro,"['M-1-T-L', 'M-2-E-B']",M-2-EPNG-BKTN,5285.5089782833
"2113342",2113342.000000000000000,"Macquarie Park Station, Platform 2",-33.785127095225000,151.128311704310022,,PST1427,2.000000000000000,"2",Metro,"['M-1-L-T', 'M-2-B-E']",M-1-LVPL-TLWG,48964.2280751990
"2113342",2113342.000000000000000,"Macquarie Park Station, Platform 2",-33.785127095225000,151.128311704310022,,PST1427,2.000000000000000,"2",Metro,"['M-1-L-T', 'M-2-B-E']",M-2-BKTN-EPNG,38693.1526133013
"217428",217428.000000000000000,"Edmondson Park Station, Platform 2",-33.969386105719202,150.858815230449011,,PST1447,2.000000000000000,"2",Train,['T2-C-L-A'],T2-CTYC-WSAR,51400.1414770100
"217427",217427.000000000000000,"Edmondson Park Station, Platform 1",-33.969304441356890,150.858833167289021,,PST1447,2.000000000000000,"1",Train,['T2-A-L-C'],T2-WSAR-CTYC,14832.0104193157
"2141313",2141312.999999999534339,"Lidcombe Station, Platform 3",-33.863743864985601,151.044945621070013,,PST1218,2.000000000000000,"3",Train,['T2-A-L-C'],T2-WSAR-CTYC,43553.0307985889
"2155270",2155270.000000000000000,"Tallawong Station, Platform 3",-33.691718865777830,150.905905533102583,,PST4008,2.000000000000000,,Metro,['M-1-L-T'],M-1-LVPL-TLWG,76269.4785479337
"213284",213284.000000000000000,"Croydon Station, Platform 4",-33.883204675084102,151.115363618630994,,PST1208,1.000000000000000,"4",Train,['T2-A-L-C'],T2-WSAR-CTYC,50774.8595947760
"213285",213285.000000000000000,"Croydon Station, Platform 5",-33.883304711012485,151.115336020189972,,PST1208,1.000000000000000,"5",Train,['T2-C-L-A'],T2-CTYC-WSAR,15437.3790591073
"2166271",2166271.000000000465661,"Cabramatta Station, Platform 1",-33.895087483281891,150.938730257016005,,PST1287,2.000000000000000,"1",Train,['T2-A-L-C'],T2-WSAR-CTYC,28165.5809484584
"2126160",2126160.000000000000000,"Cherrybrook Station, Platform 2",-33.736847051439092,151.032035623756997,,PST4001,2.000000000000000,,Metro,['M-1-L-T'],M-1-LVPL-TLWG,60497.1742055700
"2000341",2000340.999999999767169,"Central Station, Platform 21",-33.884281088578092,151.207123152012997,,PST1100,2.000000000000000,"21",Train,['T2-C-L-A'],T2-CTYC-WSAR,1.1681017313
"2154263",2154263.000000000465661,"Castle Hill Station, Platform 2",-33.731557069507105,151.007738246474958,,PST4002,2.000000000000000,,Metro,['M-1-L-T'],M-1-LVPL-TLWG,62979.1860224151
"2154262",2154262.000000000000000,"Castle Hill Station, Platform 1",-33.731459150587895,151.007701333080007,,PST4002,2.000000000000000,,Metro,['M-1-T-L'],M-1-TLWG-LVPL,13278.9671543783
"2154265",2154264.999999999534339,"Hills Showground Station, Platform 2",-33.727843842674091,150.987474411373000,,PST4003,2.000000000000000,,Metro,['M-1-L-T'],M-1-LVPL-TLWG,65036.9177389106
"2154264",2154264.000000000000000,"Hills Showground Station, Platform 1",-33.727727921007002,150.987436688918024,,PST4003,2.000000000000000,,Metro,['M-1-T-L'],M-1-TLWG-LVPL,11223.5549552115
"220362",220362.000000000000000,"Dulwich Hill Station, Platform 2",-33.911042374629695,151.140975251399993,,PST1393,2.000000000000000,"2",Metro,"['M-1-T-L', 'M-2-E-B']",M-1-TLWG-LVPL,55095.4023060412
"220362",220362.000000000000000,"Dulwich Hill Station, Platform 2",-33.911042374629695,151.140975251399993,,PST1393,2.000000000000000,"2",Metro,"['M-1-T-L', 'M-2-E-B']",M-2-EPNG-BKTN,33070.9568655306
"220361",220361.000000000000000,"Dulwich Hill Station, Platform 1",-33.910987675343804,151.140994214653006,,PST1393,2.000000000000000,"1",Metro,"['M-1-L-T', 'M-2-B-E']",M-1-LVPL-TLWG,21242.8816872080
"220361",220361.000000000000000,"Dulwich Hill Station, Platform 1",-33.910987675343804,151.140994214653006,,PST1393,2.000000000000000,"1",Metro,"['M-1-L-T', 'M-2-B-E']",M-2-BKTN-EPNG,10972.0194516547
"2144244",2144244.000000000000000,"Auburn Station, Platform 4",-33.849375603663397,151.032755090387980,,PST1219,2.000000000000000,"4",Train,['T2-C-L-A'],T2-CTYC-WSAR,24644.1122269363
"2144243",2144243.000000000465661,"Auburn Station, Platform 3",-33.849337850160488,151.032807310246994,,PST1219,2.000000000000000,"3",Train,['T2-A-L-C'],T2-WSAR-CTYC,41575.7536443277
"2000371",2000371.000000000232831,"Museum Station, Platform 1",-33.876152660442997,151.209802055192995,,PST1104,2.000000000000000,"1",Train,['T2-C-L-A'],T2-CTYC-WSAR,943.0177220959
"2067143",2067143.000000000232831,"Chatswood Station, Platform 3",-33.797482106984091,151.180870051466030,,PST1117,2.000000000000000,"3",Metro,"['M-1-L-T', 'M-2-B-E']",M-1-LVPL-TLWG,41044.7248069323
"2067143",2067143.000000000232831,"Chatswood Station, Platform 3",-33.797482106984091,151.180870051466030,,PST1117,2.000000000000000,"3",Metro,"['M-1-L-T', 'M-2-B-E']",M-2-BKTN-EPNG,30773.9693400939
"2067142",2067142.000000000000000,"Chatswood Station, Platform 2",-33.797478449235484,151.180977793600988,,PST1117,2.000000000000000,"2",Metro,"['M-1-T-L', 'M-2-E-B']",M-1-TLWG-LVPL,35243.2765718434
"2067142",2067142.000000000000000,"Chatswood Station, Platform 2",-33.797478449235484,151.180977793600988,,PST1117,2.000000000000000,"2",Metro,"['M-1-T-L', 'M-2-E-B']",M-2-EPNG-BKTN,13218.8207450935
"2131123",2131123.000000000465661,"Ashfield Station, Platform 3",-33.887641748351115,151.125732585560030,,PST1209,2.000000000000000,"3",Train,['T2-A-L-C'],T2-WSAR-CTYC,51857.9168942137
"2131125",2131124.999999999534339,"Ashfield Station, Platform 5",-33.887765203875496,151.125544071629065,,PST1209,2.000000000000000,"5",Train,['T2-C-L-A'],T2-CTYC-WSAR,14369.4017519120
"2196291",2196291.000000000465661,"Punchbowl Station, Platform 1",-33.925383487735004,151.055654842124000,,PST1400,2.000000000000000,"1",Metro,"['M-1-L-T', 'M-2-B-E']",M-1-LVPL-TLWG,12632.6043869611
"2196291",2196291.000000000465661,"Punchbowl Station, Platform 1",-33.925383487735004,151.055654842124000,,PST1400,2.000000000000000,"1",Metro,"['M-1-L-T', 'M-2-B-E']",M-2-BKTN-EPNG,2361.7421514079
"2196292",2196292.000000000000000,"Punchbowl Station, Platform 2",-33.925446818350984,151.055647039590042,,PST1400,2.000000000000000,"2",Metro,"['M-1-T-L', 'M-2-E-B']",M-1-TLWG-LVPL,63708.0449564199
"2196292",2196292.000000000000000,"Punchbowl Station, Platform 2",-33.925446818350984,151.055647039590042,,PST1400,2.000000000000000,"2",Metro,"['M-1-T-L', 'M-2-E-B']",M-2-EPNG-BKTN,41683.5995159093
"2161252",2161252.000000000000000,"Guildford Station, Platform 2",-33.854370744645209,150.984519306255009,,PST1283,2.000000000000000,"2",Train,['T2-C-L-A'],T2-CTYC-WSAR,31718.5739123377
"2161251",2161251.000000000465661,"Guildford Station, Platform 1",-33.854292213178994,150.984440052135000,,PST1283,2.000000000000000,"1",Train,['T2-A-L-C'],T2-WSAR-CTYC,34504.8788013187
"2165201",2165200.999999999534339,"Fairfield Station, Platform 1",-33.872353384157392,150.956966872616988,,PST1285,2.000000000000000,"1",Train,['T2-A-L-C'],T2-WSAR-CTYC,31221.3558680280
"2165202",2165202.000000000000000,"Fairfield Station, Platform 2",-33.872441278211014,150.957035751012000,,PST1285,2.000000000000000,"2",Train,['T2-C-L-A'],T2-CTYC-WSAR,34999.6192315590
"2142323",2142323.000000000465661,"Granville Station, Platform 3",-33.832957542006604,151.012093970190023,,PST1227,2.000000000000000,"3",Train,['T2-A-L-C'],T2-WSAR-CTYC,38920.9617916940
"2142324",2142324.000000000000000,"Granville Station, Platform 4",-33.833013280703000,151.012042591544997,,PST1227,2.000000000000000,"4",Train,['T2-C-L-A'],T2-CTYC-WSAR,27298.8791503677
"219281",219281.000000000000000,"Belmore Station, Platform 1",-33.917166308521303,151.088563573964990,,PST1397,2.000000000000000,"1",Metro,"['M-1-L-T', 'M-2-B-E']",M-1-LVPL-TLWG,15830.2575336706
"219281",219281.000000000000000,"Belmore Station, Platform 1",-33.917166308521303,151.088563573964990,,PST1397,2.000000000000000,"1",Metro,"['M-1-L-T', 'M-2-B-E']",M-2-BKTN-EPNG,5559.3952981174
"219282",219282.000000000000000,"Belmore Station, Platform 2",-33.917237917825688,151.088577807636995,,PST1397,2.000000000000000,"2",Metro,"['M-1-T-L', 'M-2-E-B']",M-1-TLWG-LVPL,60507.9434840570
"219282",219282.000000000000000,"Belmore Station, Platform 2",-33.917237917825688,151.088577807636995,,PST1397,2.000000000000000,"2",Metro,"['M-1-T-L', 'M-2-E-B']",M-2-EPNG-BKTN,38483.4980435464
"204981",204981.000000000000000,"Lewisham Station, Platform 1",-33.893281102974306,151.147462119753982,,PST1211,2.000000000000000,"1",Train,['T2-A-L-C'],T2-WSAR-CTYC,53980.8552071272
"204982",204982.000000000000000,"Lewisham Station, Platform 2",-33.893364607667991,151.147390538454999,,PST1211,2.000000000000000,"2",Train,['T2-C-L-A'],T2-CTYC-WSAR,12236.7440842823
"213496",213496.000000000000000,"Burwood Station, Platform 6",-33.877369763444690,151.104194087102996,,PST1207,2.000000000000000,"6",Train,['T2-C-L-A'],T2-CTYC-WSAR,16688.4722990537
"2161262",2161262.000000000000000,"Yennora Station, Platform 2",-33.864763522345697,150.971036352753003,,PST1284,2.000000000000000,"2",Train,['T2-C-L-A'],T2-CTYC-WSAR,33448.6970624753
"2161261",2161260.999999999534339,"Yennora Station, Platform 1",-33.864683937959391,150.970989455921000,,PST1284,2.000000000000000,"1",Train,['T2-A-L-C'],T2-WSAR-CTYC,32773.9914172596
"2194111",2194111.000000000465661,"Campsie Station, Platform 1",-33.910456989137003,151.103069556141065,,PST1396,2.000000000000000,"1",Metro,"['M-1-L-T', 'M-2-B-E']",M-1-LVPL-TLWG,17437.3269916854
"2194111",2194111.000000000465661,"Campsie Station, Platform 1",-33.910456989137003,151.103069556141065,,PST1396,2.000000000000000,"1",Metro,"['M-1-L-T', 'M-2-B-E']",M-2-BKTN-EPNG,7166.4647561322
"2194112",2194112.000000000000000,"Campsie Station, Platform 2",-33.910528596002301,151.103083800093003,,PST1396,2.000000000000000,"2",Metro,"['M-1-T-L', 'M-2-E-B']",M-1-TLWG-LVPL,58901.2075225294
"2194112",2194112.000000000000000,"Campsie Station, Platform 2",-33.910528596002301,151.103083800093003,,PST1396,2.000000000000000,"2",Metro,"['M-1-T-L', 'M-2-E-B']",M-2-EPNG-BKTN,36876.7620820188
"2166281",2166280.999999999534339,"Canley Vale Station, Platform 1",-33.887255536635500,150.943555922798993,,PST1286,2.000000000000000,"1",Train,['T2-A-L-C'],T2-WSAR-CTYC,29153.6906753685
"2166282",2166282.000000000000000,"Canley Vale Station, Platform 2",-33.887335132212392,150.943602809694994,,PST1286,2.000000000000000,"2",Train,['T2-C-L-A'],T2-CTYC-WSAR,37070.4115343732
"204261",204261.000000000000000,"Newtown Station, Platform 1",-33.897896878070000,151.179851991580989,,PST1214,2.000000000000000,"1",Train,['T2-A-L-C'],T2-WSAR-CTYC,57110.9449552651
"204262",204262.000000000000000,"Newtown Station, Platform 2",-33.897950848095100,151.179854629584014,,PST1214,2.000000000000000,"2",Train,['T2-C-L-A'],T2-CTYC-WSAR,9101.2053789321
"2126159",2126159.000000000465661,"Cherrybrook Station, Platform 1",-33.736700987567097,151.032093490293960,,PST4001,2.000000000000000,,Metro,['M-1-T-L'],M-1-TLWG-LVPL,15770.3984921409
"2000351",2000351.000000000232831,"Circular Quay Station, Platform 1",-33.861369391635705,151.210273928747995,,PST1103,2.000000000000000,"1",Train,['T2-C-L-A'],T2-CTYC-WSAR,3023.0867098985
"2170831",2170831.000000000465661,"Warwick Farm Station, Platform 1",-33.912991273372000,150.935102147007996,,PST1288,2.000000000000000,"1",Train,['T2-A-L-C'],T2-WSAR-CTYC,26151.2605391869
"2170832",2170832.000000000000000,"Warwick Farm Station, Platform 2",-33.913114478699789,150.935194282110018,,PST1288,2.000000000000000,"2",Train,['T2-C-L-A'],T2-CTYC-WSAR,40075.5103680999
"2015121",2015120.999999999767169,"Macdonaldtown Station, Platform 1",-33.896910325699601,151.185811140428996,,PST1215,2.000000000000000,"1",Train,['T2-A-L-C'],T2-WSAR-CTYC,57676.2047003344
"2015122",2015122.000000000000000,"Macdonaldtown Station, Platform 2",-33.896945938302110,151.185823688174025,,PST1215,2.000000000000000,"2",Train,['T2-C-L-A'],T2-CTYC-WSAR,8534.4550050121
"214063",214063.000000000000000,"Flemington Station, Platform 3",-33.864895491513110,151.069864390072013,,PST1217,2.000000000000000,"3",Train,['T2-A-L-C'],T2-WSAR-CTYC,45892.2479574127
"214064",214064.000000000000000,"Flemington Station, Platform 4",-33.864958822321888,151.069856598976997,,PST1217,2.000000000000000,"4",Train,['T2-C-L-A'],T2-CTYC-WSAR,20322.8214053757
"2193121",2193120.999999999534339,"Hurlstone Park Station, Platform 1",-33.910300443895800,151.132229218214036,,PST1394,2.000000000000000,"1",Metro,"['M-1-L-T', 'M-2-B-E']",M-1-LVPL-TLWG,20351.1297504457
"2193121",2193120.999999999534339,"Hurlstone Park Station, Platform 1",-33.910300443895800,151.132229218214036,,PST1394,2.000000000000000,"1",Metro,"['M-1-L-T', 'M-2-B-E']",M-2-BKTN-EPNG,10080.2675148925
"2193122",2193122.000000000000000,"Hurlstone Park Station, Platform 2",-33.910379228182890,151.132297866442997,,PST1394,2.000000000000000,"2",Metro,"['M-1-T-L', 'M-2-E-B']",M-1-TLWG-LVPL,55984.8747988281
"2193122",2193122.000000000000000,"Hurlstone Park Station, Platform 2",-33.910379228182890,151.132297866442997,,PST1394,2.000000000000000,"2",Metro,"['M-1-T-L', 'M-2-E-B']",M-2-EPNG-BKTN,33960.4293583175
"2000405",2000404.999999999767169,"Wynyard Station, Platform 5",-33.865870207327887,151.205915817825002,,PST1102,2.000000000000000,"5",Train,['T2-C-L-A'],T2-CTYC-WSAR,3904.0728337335
"2204121",2204120.999999999534339,"Marrickville Station, Platform 1",-33.913839224404896,151.153419883901989,,PST1392,1.000000000000000,"1",Metro,"['M-1-L-T', 'M-2-B-E']",M-1-LVPL-TLWG,22466.3515530175
"2204121",2204120.999999999534339,"Marrickville Station, Platform 1",-33.913839224404896,151.153419883901989,,PST1392,1.000000000000000,"1",Metro,"['M-1-L-T', 'M-2-B-E']",M-2-BKTN-EPNG,12195.4893174643
"2204122",2204122.000000000000000,"Marrickville Station, Platform 2",-33.913931364042611,151.153359520093971,,PST1392,1.000000000000000,"2",Metro,"['M-1-T-L', 'M-2-E-B']",M-1-TLWG-LVPL,53872.6713476793
"2204122",2204122.000000000000000,"Marrickville Station, Platform 2",-33.913931364042611,151.153359520093971,,PST1392,1.000000000000000,"2",Metro,"['M-1-T-L', 'M-2-E-B']",M-2-EPNG-BKTN,31848.2259071687
"2195131",2195131.000000000465661,"Lakemba Station, Platform 1",-33.920045006929804,151.075947773787988,,PST1398,2.000000000000000,"1",Metro,"['M-1-L-T', 'M-2-B-E']",M-1-LVPL-TLWG,14613.8960083078
"2195131",2195131.000000000465661,"Lakemba Station, Platform 1",-33.920045006929804,151.075947773787988,,PST1398,2.000000000000000,"1",Metro,"['M-1-L-T', 'M-2-B-E']",M-2-BKTN-EPNG,4343.0337727546
"2195132",2195132.000000000000000,"Lakemba Station, Platform 2",-33.920107264520794,151.075972359697971,,PST1398,2.000000000000000,"2",Metro,"['M-1-T-L', 'M-2-E-B']",M-1-TLWG-LVPL,61723.6444097239
"2195132",2195132.000000000000000,"Lakemba Station, Platform 2",-33.920107264520794,151.075972359697971,,PST1398,2.000000000000000,"2",Metro,"['M-1-T-L', 'M-2-E-B']",M-2-EPNG-BKTN,39699.1989692133
"2000381",2000380.999999999767169,"St James Station, Platform 1",-33.870662933011310,151.211724684041002,,PST1105,1.000000000000000,"1",Train,['T2-C-L-A'],T2-CTYC-WSAR,1583.1799873540
"2121226",2121226.000000000000000,"Epping Station, Platform 6",-33.772918394508402,151.082064614321979,,PST1429,2.000000000000000,"6",Metro,"['M-1-L-T', 'M-2-B-E']",M-1-LVPL-TLWG,54230.0375751839
"2121226",2121226.000000000000000,"Epping Station, Platform 6",-33.772918394508402,151.082064614321979,,PST1429,2.000000000000000,"6",Metro,"['M-1-L-T', 'M-2-B-E']",M-2-BKTN-EPNG,43959.7806338300
"2121225",2121224.999999999534339,"Epping Station, Platform 5",-33.772899761211107,151.082355043931017,,PST1429,2.000000000000000,"5",Metro,"['M-1-T-L', 'M-2-E-B']",M-1-TLWG-LVPL,22066.4622022865
"2121225",2121224.999999999534339,"Epping Station, Platform 5",-33.772899761211107,151.082355043931017,,PST1429,2.000000000000000,"5",Metro,"['M-1-T-L', 'M-2-E-B']",M-2-EPNG-BKTN,39.6930453793
"217934",217934.000000000000000,"Leppington Station, Platform 1",-33.954337701872106,150.808240492539994,,PST1448,2.000000000000000,"1",Train,['T2-A-L-C'],T2-WSAR-CTYC,9182.5893166973
"217935",217935.000000000000000,"Leppington Station, Platform 2",-33.954410697662894,150.808211307844005,,PST1448,2.000000000000000,"2",Train,['T2-C-L-A'],T2-CTYC-WSAR,57054.8361056787
"2113352",2113352.000000000000000,"Macquarie University Station, Platform 2",-33.777560136584000,151.118032199737968,,PST1426,2.000000000000000,"2",Metro,"['M-1-L-T', 'M-2-B-E']",M-1-LVPL-TLWG,50233.4847160475
"2113352",2113352.000000000000000,"Macquarie University Station, Platform 2",-33.777560136584000,151.118032199737968,,PST1426,2.000000000000000,"2",Metro,"['M-1-L-T', 'M-2-B-E']",M-2-BKTN-EPNG,39962.3469103216
"2113351",2113351.000000000465661,"Macquarie University Station, Platform 1",-33.777479887058611,151.118276519092007,,PST1426,2.000000000000000,"1",Metro,"['M-1-T-L', 'M-2-E-B']",M-1-TLWG-LVPL,26055.4246465416
"2113351",2113351.000000000465661,"Macquarie University Station, Platform 1",-33.777479887058611,151.118276519092007,,PST1426,2.000000000000000,"1",Metro,"['M-1-T-L', 'M-2-E-B']",M-2-EPNG-BKTN,4029.1576783639
"2135237",2135236.999999999534339,"Strathfield Station, Platform 7",-33.871634546035310,151.093786967838042,,PST1206,2.000000000000000,"7",Train,['T2-A-L-C'],T2-WSAR-CTYC,48342.0758799818
"2135238",2135238.000000000000000,"Strathfield Station, Platform 8",-33.871663687203892,151.093723550153953,,PST1206,2.000000000000000,"8",Train,['T2-C-L-A'],T2-CTYC-WSAR,17879.9538122793
"2155265",2155264.999999999534339,"Kellyville Station, Platform 1",-33.713506632494990,150.935323750977005,,PST4006,2.000000000000000,,Metro,['M-1-T-L'],M-1-TLWG-LVPL,4512.7120183810
"2155266",2155266.000000000000000,"Kellyville Station, Platform 2",-33.713526689928791,150.935259971208978,,PST4006,2.000000000000000,,Metro,['M-1-L-T'],M-1-LVPL-TLWG,71765.2645989976
"2155267",2155267.000000000465661,"Rouse Hill Station, Platform 1",-33.691977595172098,150.924336756125058,,PST4007,2.000000000000000,,Metro,['M-1-T-L'],M-1-TLWG-LVPL,1898.1969803915
"2155268",2155268.000000000000000,"Rouse Hill Station, Platform 2",-33.692006301747000,150.924284162751007,,PST4007,2.000000000000000,,Metro,['M-1-L-T'],M-1-LVPL-TLWG,74378.4549673803
"2155269",2155268.999999999534339,"Tallawong Station, Platform 2",-33.691634034618460,150.905882597514136,,PST4008,2.000000000000000,,Metro,['M-1-T-L'],M-1-TLWG-LVPL,0.5306641107
"2000337",2000336.999999999767169,"Central Station, Platform 17",-33.884102159304490,151.206822676011001,,PST1100,2.000000000000000,"17",Train,['T2-A-L-C'],T2-WSAR-CTYC,60151.1820041787
"2000339",2000339.000000000232831,"Central Station, Platform 19",-33.884196305839204,151.206967742632003,,PST1100,2.000000000000000,"19",Train,['T2-C-L-A'],T2-CTYC-WSAR,6054.6270850218
"2166272",2166272.000000000000000,"Cabramatta Station, Platform 2",-33.894693672089701,150.938928235648007,,PST1287,2.000000000000000,"2",Train,['T2-C-L-A'],T2-CTYC-WSAR,38005.5591231314
"2142314",2142314.000000000000000,"Clyde Station, Platform 4",-33.836032052733700,151.017010465628033,,PST1220,2.000000000000000,"4",Train,['T2-A-L-C'],T2-WSAR-CTYC,39489.9105090222
"2142315",2142315.000000000465661,"Clyde Station, Platform 5",-33.836106842644703,151.016927588092017,,PST1220,2.000000000000000,"5",Train,['T2-C-L-A'],T2-CTYC-WSAR,26730.4157177999
"2195141",2195140.999999999534339,"Wiley Park Station, Platform 1",-33.922847345841802,151.067510321161990,,PST1399,2.000000000000000,"1",Metro,"['M-1-L-T', 'M-2-B-E']",M-1-LVPL-TLWG,13773.8676979378
"2195141",2195140.999999999534339,"Wiley Park Station, Platform 1",-33.922847345841802,151.067510321161990,,PST1399,2.000000000000000,"1",Metro,"['M-1-L-T', 'M-2-B-E']",M-2-BKTN-EPNG,3503.0054623845
"2195142",2195142.000000000000000,"Wiley Park Station, Platform 2",-33.922936237194790,151.067546978466993,,PST1399,2.000000000000000,"2",Metro,"['M-1-T-L', 'M-2-E-B']",M-1-TLWG-LVPL,62563.7188333490
"2195142",2195142.000000000000000,"Wiley Park Station, Platform 2",-33.922936237194790,151.067546978466993,,PST1399,2.000000000000000,"2",Metro,"['M-1-T-L', 'M-2-E-B']",M-2-EPNG-BKTN,40539.2733928384
"213053",213053.000000000000000,"Summer Hill Station, Platform 3",-33.890469735348994,151.138909481581067,,PST1210,2.000000000000000,"3",Train,['T2-C-L-A'],T2-CTYC-WSAR,13084.0801721593
"213052",213052.000000000000000,"Summer Hill Station, Platform 2",-33.890377965614604,151.138959061417950,,PST1210,2.000000000000000,"2",Train,['T2-A-L-C'],T2-WSAR-CTYC,53130.8342036838
"2153402",2153402.000000000000000,"Bella Vista Station, Platform 1",-33.730696653401203,150.944165770293012,,PST4005,2.000000000000000,,Metro,['M-1-T-L'],M-1-TLWG-LVPL,6593.9856200114
"2153403",2153403.000000000465661,"Bella Vista Station, Platform 2",-33.730737812305605,150.944005883991991,,PST4005,2.000000000000000,,Metro,['M-1-L-T'],M-1-LVPL-TLWG,69685.1556859296
"2153404",2153404.000000000000000,"Norwest Station, Platform 1",-33.734227463728303,150.963881163489958,,PST4004,2.000000000000000,,Metro,['M-1-T-L'],M-1-TLWG-LVPL,8862.4745258985
"2153405",2153404.999999999534339,"Norwest Station, Platform 2",-33.734361389939792,150.963919687527010,,PST4004,2.000000000000000,,Metro,['M-1-L-T'],M-1-LVPL-TLWG,67398.9494125431
"204992",204992.000000000000000,"Petersham Station, Platform 2",-33.893960911788092,151.155349890427004,,PST1212,2.000000000000000,"2",Train,['T2-C-L-A'],T2-CTYC-WSAR,11486.0419476815
"204991",204991.000000000000000,"Petersham Station, Platform 1",-33.893870958875297,151.155345520146994,,PST1212,2.000000000000000,"1",Train,['T2-A-L-C'],T2-WSAR-CTYC,54727.0153150027
"2113362",2113362.000000000000000,"North Ryde Station, Platform 2",-33.794315995086393,151.138023725158035,,PST1428,2.000000000000000,"2",Metro,"['M-1-L-T', 'M-2-B-E']",M-1-LVPL-TLWG,47550.8140912491
"2113362",2113362.000000000000000,"North Ryde Station, Platform 2",-33.794315995086393,151.138023725158035,,PST1428,2.000000000000000,"2",Metro,"['M-1-L-T', 'M-2-B-E']",M-2-BKTN-EPNG,37279.9351624219
"2113361",2113360.999999999534339,"North Ryde Station, Platform 1",-33.794170616941500,151.138059885468010,,PST1428,2.000000000000000,"1",Metro,"['M-1-T-L', 'M-2-E-B']",M-1-TLWG-LVPL,28717.6290240444
"2113361",2113360.999999999534339,"North Ryde Station, Platform 1",-33.794170616941500,151.138059885468010,,PST1428,2.000000000000000,"1",Metro,"['M-1-T-L', 'M-2-E-B']",M-2-EPNG-BKTN,6691.4787185116
"2170812",2170812.000000000000000,"Casula Station, Platform 2",-33.950172467897801,150.911892038378994,,PST1290,2.000000000000000,"2",Train,['T2-C-L-A'],T2-CTYC-WSAR,44808.4463578353
"2170811",2170811.000000000465661,"Casula Station, Platform 1",-33.950294251499692,150.911746240331013,,PST1290,2.000000000000000,"1",Train,['T2-A-L-C'],T2-WSAR-CTYC,21396.3062093289
"216762",216762.000000000000000,"Glenfield Station, Platform 2",-33.972433120154300,150.892773988457975,,PST1291,2.000000000000000,"2",Train,['T2-A-L-C'],T2-WSAR-CTYC,18276.8379060444
"216765",216765.000000000000000,"Glenfield Station, Platform 4",-33.972536991330706,150.892908517520993,,PST1291,2.000000000000000,,Train,['T2-C-L-A'],T2-CTYC-WSAR,47945.5127801026
"213495",213495.000000000000000,"Burwood Station, Platform 5",-33.877289160184496,151.104179419332951,,PST1207,2.000000000000000,"5",Train,['T2-A-L-C'],T2-WSAR-CTYC,49524.1963061343
"2141314",2141314.000000000000000,"Lidcombe Station, Platform 4",-33.863835603326699,151.044895948672007,,PST1218,2.000000000000000,"4",Train,['T2-C-L-A'],T2-CTYC-WSAR,22665.1875868270
"2170821",2170820.999999999534339,"Liverpool Station, Platform 1",-33.924739121482801,150.927287411974021,,PST1289,2.000000000000000,"1",Train,['T2-A-L-C'],T2-WSAR-CTYC,24590.6766335960
"2170824",2170824.000000000000000,"Liverpool Station, Platform 4",-33.924891772873892,150.927586283918032,,PST1289,2.000000000000000,"4",Train,['T2-C-L-A'],T2-CTYC-WSAR,41626.5199614999
"2015136",2015136.000000000000000,"Redfern Station, Platform 6",-33.891973308708998,151.198750330272020,,PST1421,1.000000000000000,"6",Train,['T2-C-L-A'],T2-CTYC-WSAR,7210.3418230410
"2015135",2015135.000000000232831,"Redfern Station, Platform 5",-33.891951847670910,151.198587218132985,,PST1421,2.000000000000000,"5",Train,['T2-A-L-C'],T2-WSAR-CTYC,58988.1693136298
"20560111",20560.111000000000786,"Crows Nest Station, Platform 2",-33.825445282147378,151.198864977955310,,PST2056011,,"2",Metro,"['M-1-L-T', 'M-2-B-E']",M-1-LVPL-TLWG,37242.4117740731
"20560111",20560.111000000000786,"Crows Nest Station, Platform 2",-33.825445282147378,151.198864977955310,,PST2056011,,"2",Metro,"['M-1-L-T', 'M-2-B-E']",M-2-BKTN-EPNG,26971.5495385199
"20560112",20560.112000000000990,"Crows Nest Station, Platform 1",-33.825349998568889,151.199049990008518,,PST2056011,,"1",Metro,"['M-1-T-L', 'M-2-E-B']",M-1-TLWG-LVPL,39034.8810677626
"20560112",20560.112000000000990,"Crows Nest Station, Platform 1",-33.825349998568889,151.199049990008518,,PST2056011,,"1",Metro,"['M-1-T-L', 'M-2-E-B']",M-2-EPNG-BKTN,17010.4356272521
"20560121",20560.120999999999185,"Victoria Cross Station, Platform 2",-33.836264540870360,151.207323995302346,,PST2056012,,"2",Metro,"['M-1-L-T', 'M-2-B-E']",M-1-LVPL-TLWG,35643.8097298468
"20560121",20560.120999999999185,"Victoria Cross Station, Platform 2",-33.836264540870360,151.207323995302346,,PST2056012,,"2",Metro,"['M-1-L-T', 'M-2-B-E']",M-2-BKTN-EPNG,25372.9474942936
"20560122",20560.121999999999389,"Victoria Cross Station, Platform 1",-33.836292789498685,151.207529905012677,,PST2056012,,"1",Metro,"['M-1-T-L', 'M-2-E-B']",M-1-TLWG-LVPL,40646.0449030483
"20560122",20560.121999999999389,"Victoria Cross Station, Platform 1",-33.836292789498685,151.207529905012677,,PST2056012,,"1",Metro,"['M-1-T-L', 'M-2-E-B']",M-2-EPNG-BKTN,18621.5994625378
"20560131",20560.131000000001222,"Barangaroo Station, Platform 1",-33.858498801940549,151.202605587266618,,PST2056013,,"1",Metro,"['M-1-T-L', 'M-2-E-B']",M-1-TLWG-LVPL,43255.8544297771
"20560131",20560.131000000001222,"Barangaroo Station, Platform 1",-33.858498801940549,151.202605587266618,,PST2056013,,"1",Metro,"['M-1-T-L', 'M-2-E-B']",M-2-EPNG-BKTN,21231.4089892665
"20560132",20560.132000000001426,"Barangaroo Station, Platform 2",-33.858501061973406,151.202517852536744,,PST2056013,,"2",Metro,"['M-1-L-T', 'M-2-B-E']",M-1-LVPL-TLWG,33030.4394058490
"20560132",20560.132000000001426,"Barangaroo Station, Platform 2",-33.858501061973406,151.202517852536744,,PST2056013,,"2",Metro,"['M-1-L-T', 'M-2-B-E']",M-2-BKTN-EPNG,22759.5771702957
"20560141",20560.140999999999622,"Martin Place Station, Platform 1",-33.866649952741106,151.210568292121877,,PST2056014,,"1",Metro,"['M-1-T-L', 'M-2-E-B']",M-1-TLWG-LVPL,44706.0724497324
"20560141",20560.140999999999622,"Martin Place Station, Platform 1",-33.866649952741106,151.210568292121877,,PST2056014,,"1",Metro,"['M-1-T-L', 'M-2-E-B']",M-2-EPNG-BKTN,22681.6270092218
"20560142",20560.141999999999825,"Martin Place Station, Platform 2",-33.866620098435298,151.210177608565004,,PST2056014,,"2",Metro,"['M-1-L-T', 'M-2-B-E']",M-1-LVPL-TLWG,31644.9715314370
"20560142",20560.141999999999825,"Martin Place Station, Platform 2",-33.866620098435298,151.210177608565004,,PST2056014,,"2",Metro,"['M-1-L-T', 'M-2-B-E']",M-2-BKTN-EPNG,21374.1092958838
"20560151",20560.151000000001659,"Pitt Street Station, Platform 1",-33.873469855180034,151.208960168688634,,PST2056015,,"1",Metro,"['M-1-T-L', 'M-2-E-B']",M-1-TLWG-LVPL,45480.3352756565
"20560151",20560.151000000001659,"Pitt Street Station, Platform 1",-33.873469855180034,151.208960168688634,,PST2056015,,"1",Metro,"['M-1-T-L', 'M-2-E-B']",M-2-EPNG-BKTN,23455.8898351460
"20560152",20560.151999999998225,"Pitt Street Station, Platform 2",-33.873392455976699,151.208326670046858,,PST2056015,,"2",Metro,"['M-1-L-T', 'M-2-B-E']",M-1-LVPL-TLWG,30860.9313763927
"20560152",20560.151999999998225,"Pitt Street Station, Platform 2",-33.873392455976699,151.208326670046858,,PST2056015,,"2",Metro,"['M-1-L-T', 'M-2-B-E']",M-2-BKTN-EPNG,20590.0691408394
"20560161",20560.161000000000058,"Central Station, Platform 1",-33.883879059063112,151.206670026369864,,PST1100,,"1",Metro,"['M-1-T-L', 'M-2-E-B']",M-1-TLWG-LVPL,46689.2141099703
"20560161",20560.161000000000058,"Central Station, Platform 1",-33.883879059063112,151.206670026369864,,PST1100,,"1",Metro,"['M-1-T-L', 'M-2-E-B']",M-2-EPNG-BKTN,24664.7686694597
"20560162",20560.162000000000262,"Central Station, Platform 2",-33.883844501370625,151.206597119026242,,PST1100,,"2",Metro,"['M-1-L-T', 'M-2-B-E']",M-1-LVPL-TLWG,29640.9797572576
"20560162",20560.162000000000262,"Central Station, Platform 2",-33.883844501370625,151.206597119026242,,PST1100,,"2",Metro,"['M-1-L-T', 'M-2-B-E']",M-2-BKTN-EPNG,19370.1175217043
"20560171",20560.170999999998457,"Waterloo Station, Platform 1",-33.897331066312361,151.200307694915807,,PST2056017,,"1",Metro,"['M-1-T-L', 'M-2-E-B']",M-1-TLWG-LVPL,48366.5998769616
"20560171",20560.170999999998457,"Waterloo Station, Platform 1",-33.897331066312361,151.200307694915807,,PST2056017,,"1",Metro,"['M-1-T-L', 'M-2-E-B']",M-2-EPNG-BKTN,26342.1544364510
"20560172",20560.171999999998661,"Waterloo Station, Platform 2",-33.897375689564072,151.200076502633863,,PST2056017,,"2",Metro,"['M-1-L-T', 'M-2-B-E']",M-1-LVPL-TLWG,27949.9175954350
"20560172",20560.171999999998661,"Waterloo Station, Platform 2",-33.897375689564072,151.200076502633863,,PST2056017,,"2",Metro,"['M-1-L-T', 'M-2-B-E']",M-2-BKTN-EPNG,17679.0553598817
"20560182",20560.182000000000698,"Sydenham Station, Platform 2",-33.914406926462725,151.166264851249451,,PST1326,,"2",Metro,"['M-1-T-L', 'M-2-E-B']",M-1-TLWG-LVPL,52575.6151703111
"20560182",20560.182000000000698,"Sydenham Station, Platform 2",-33.914406926462725,151.166264851249451,,PST1326,,"2",Metro,"['M-1-T-L', 'M-2-E-B']",M-2-EPNG-BKTN,30551.1697298005
"20560181",20560.181000000000495,"Sydenham Station, Platform 1",-33.914359597759201,151.166206234377881,,PST1326,,"1",Metro,"['M-1-L-T', 'M-2-B-E']",M-1-LVPL-TLWG,23757.1409206037
"20560181",20560.181000000000495,"Sydenham Station, Platform 1",-33.914359597759201,151.166206234377881,,PST1326,,"1",Metro,"['M-1-L-T', 'M-2-B-E']",M-2-BKTN-EPNG,13486.2786850504
"20560211",20560.210999999999331,"Bankstown Station, Platform 1",-33.917755480391662,151.035257809859246,,PST1401,,"1",Metro,"['M-1-L-T', 'M-2-B-E']",M-1-LVPL-TLWG,10428.5458689564
"20560211",20560.210999999999331,"Bankstown Station, Platform 1",-33.917755480391662,151.035257809859246,,PST1401,,"1",Metro,"['M-1-L-T', 'M-2-B-E']",M-2-BKTN-EPNG,157.6836334031
"20560212",20560.211999999999534,"Bankstown Station, Platform 2",-33.917839579108445,151.035274162934769,,PST1401,,"2",Metro,"['M-1-T-L', 'M-2-E-B']",M-1-TLWG-LVPL,65911.4164172441
"20560212",20560.211999999999534,"Bankstown Station, Platform 2",-33.917839579108445,151.035274162934769,,PST1401,,"2",Metro,"['M-1-T-L', 'M-2-E-B']",M-2-EPNG-BKTN,43886.9709767335
"20560311",20560.311000000001513,"The Bays Station, Platform 1",-33.867109675196964,151.178519564733818,,PST2056031,,"1",Metro,"['M-3a-M-W', 'M-3b-M-P']",M-3a-MBRA-WSIA,17135.8623774080
"20560311",20560.311000000001513,"The Bays Station, Platform 1",-33.867109675196964,151.178519564733818,,PST2056031,,"1",Metro,"['M-3a-M-W', 'M-3b-M-P']",M-3b-MBRA-PRMT,17135.8623774080
"20560312",20560.312000000001717,"The Bays Station, Platform 2",-33.866843497254315,151.178634693830446,,PST2056031,,"2",Metro,"['M-3a-W-M', 'M-3b-P-M']",M-3a-WSIA-MBRA,53450.9416030599
"20560312",20560.312000000001717,"The Bays Station, Platform 2",-33.866843497254315,151.178634693830446,,PST2056031,,"2",Metro,"['M-3a-W-M', 'M-3b-P-M']",M-3b-PRMT-MBRA,19164.9481784983
"20560331",20560.330999999998312,"Five Dock Station, Platform 1",-33.867430618581906,151.129381469597149,,PST2056033,,"1",Metro,"['M-3a-M-W', 'M-3b-M-P']",M-3a-MBRA-WSIA,21724.9543549066
"20560331",20560.330999999998312,"Five Dock Station, Platform 1",-33.867430618581906,151.129381469597149,,PST2056033,,"1",Metro,"['M-3a-M-W', 'M-3b-M-P']",M-3b-MBRA-PRMT,21724.9543549066
"20560332",20560.331999999998516,"Five Dock Station, Platform 2",-33.867355837328311,151.129399459927157,,PST2056033,,"2",Metro,"['M-3a-W-M', 'M-3b-P-M']",M-3a-WSIA-MBRA,48859.5391910947
"20560332",20560.331999999998516,"Five Dock Station, Platform 2",-33.867355837328311,151.129399459927157,,PST2056033,,"2",Metro,"['M-3a-W-M', 'M-3b-P-M']",M-3b-PRMT-MBRA,14573.5457665331
"20560341",20560.341000000000349,"Burwood North Station, Platform 1",-33.868515586058194,151.105760800071863,,PST2056034,,"1",Metro,"['M-3a-M-W', 'M-3b-M-P']",M-3a-MBRA-WSIA,23985.8731663034
"20560341",20560.341000000000349,"Burwood North Station, Platform 1",-33.868515586058194,151.105760800071863,,PST2056034,,"1",Metro,"['M-3a-M-W', 'M-3b-M-P']",M-3b-MBRA-PRMT,23985.8731663034
"20560342",20560.342000000000553,"Burwood North Station, Platform 2",-33.868204982799746,151.105852349534189,,PST2056034,,"2",Metro,"['M-3a-W-M', 'M-3b-P-M']",M-3a-WSIA-MBRA,46596.6151787357
"20560342",20560.342000000000553,"Burwood North Station, Platform 2",-33.868204982799746,151.105852349534189,,PST2056034,,"2",Metro,"['M-3a-W-M', 'M-3b-P-M']",M-3b-PRMT-MBRA,12310.6217541741
"20560351",20560.350999999998749,"North Strathfield Metro Station, Platform 1",-33.858355599218321,151.088224971358528,,PST1205,,"1",Metro,"['M-3a-M-W', 'M-3b-M-P']",M-3a-MBRA-WSIA,26050.8055170006
"20560351",20560.350999999998749,"North Strathfield Metro Station, Platform 1",-33.858355599218321,151.088224971358528,,PST1205,,"1",Metro,"['M-3a-M-W', 'M-3b-M-P']",M-3b-MBRA-PRMT,26050.8055170006
"20560352",20560.351999999998952,"North Strathfield Metro Station, Platform 2",-33.858285555319050,151.088554087581912,,PST1205,,"2",Metro,"['M-3a-W-M', 'M-3b-P-M']",M-3a-WSIA-MBRA,44550.0763427921
"20560352",20560.351999999998952,"North Strathfield Metro Station, Platform 2",-33.858285555319050,151.088554087581912,,PST1205,,"2",Metro,"['M-3a-W-M', 'M-3b-P-M']",M-3b-PRMT-MBRA,10264.0829182305
"20560362",20560.362000000000990,"Olympic Park Metro Station, Platform 2",-33.849074962088203,151.069813536033962,,PST2056036,,"2",Metro,"['M-3a-W-M', 'M-3b-P-M']",M-3a-WSIA-MBRA,42275.9839921101
"20560362",20560.362000000000990,"Olympic Park Metro Station, Platform 2",-33.849074962088203,151.069813536033962,,PST2056036,,"2",Metro,"['M-3a-W-M', 'M-3b-P-M']",M-3b-PRMT-MBRA,7989.9905675486
"20560361",20560.361000000000786,"Olympic Park Metro Station, Platform 1",-33.849249235241260,151.069422720554854,,PST2056036,,"1",Metro,"['M-3a-M-W', 'M-3b-M-P']",M-3a-MBRA-WSIA,28323.6742328676
"20560361",20560.361000000000786,"Olympic Park Metro Station, Platform 1",-33.849249235241260,151.069422720554854,,PST2056036,,"1",Metro,"['M-3a-M-W', 'M-3b-M-P']",M-3b-MBRA-PRMT,28323.6742328676
"20560391",20560.390999999999622,"Parramatta Metro Station, Platform 1",-33.814813043811725,151.004403917846332,,PST2056039,,"1",Metro,"['M-3a-M-W', 'M-3b-M-P']",M-3a-MBRA-WSIA,35689.6085457894
"20560391",20560.390999999999622,"Parramatta Metro Station, Platform 1",-33.814813043811725,151.004403917846332,,PST2056039,,"1",Metro,"['M-3a-M-W', 'M-3b-M-P']",M-3b-MBRA-PRMT,35689.6085457894
"20560392",20560.391999999999825,"Parramatta Metro Station, Platform 2",-33.814705614048769,151.004430411033979,,PST2056039,,"2",Metro,"['M-3a-W-M', 'M-3b-P-M']",M-3a-WSIA-MBRA,34894.4502818512
"20560392",20560.391999999999825,"Parramatta Metro Station, Platform 2",-33.814705614048769,151.004430411033979,,PST2056039,,"2",Metro,"['M-3a-W-M', 'M-3b-P-M']",M-3b-PRMT-MBRA,608.4568572896
"205603102",20560.310199999999895,"Westmead Metro Station, Platform 2",-33.808749291227109,150.987684703392858,,PST1230,,"2",Metro,"['M-3a-M-W', 'M-5-E-W']",M-3a-MBRA-WSIA,37391.6851059631
"205603102",20560.310199999999895,"Westmead Metro Station, Platform 2",-33.808749291227109,150.987684703392858,,PST1230,,"2",Metro,"['M-3a-M-W', 'M-5-E-W']",M-5-EPNG-WSIA,11073.2616213478
"20560421",20560.420999999998457,"CBD Hunter Street, Platform 1",-33.865645084631360,151.208462583421635,,PST2056042,,"1",Metro,"['M-3a-M-W', 'M-3b-M-P']",M-3a-MBRA-WSIA,14249.6420772781
"20560421",20560.420999999998457,"CBD Hunter Street, Platform 1",-33.865645084631360,151.208462583421635,,PST2056042,,"1",Metro,"['M-3a-M-W', 'M-3b-M-P']",M-3b-MBRA-PRMT,14249.6420772781
"20560422",20560.421999999998661,"CBD Hunter Street, Platform 2",-33.865576844447929,151.208469129021694,,PST2056042,,"2",Metro,"['M-3a-W-M', 'M-3b-P-M']",M-3a-WSIA-MBRA,56334.2927374305
"20560422",20560.421999999998661,"CBD Hunter Street, Platform 2",-33.865576844447929,151.208469129021694,,PST2056042,,"2",Metro,"['M-3a-W-M', 'M-3b-P-M']",M-3b-PRMT-MBRA,22048.2993128689
"20560431",20560.431000000000495,"Redfern Station, Platform 1",-33.892696416361069,151.198484978666102,,PST1421,,"1",Metro,"['M-3a-M-W', 'M-3b-M-P']",M-3a-MBRA-WSIA,10213.8997226234
"20560431",20560.431000000000495,"Redfern Station, Platform 1",-33.892696416361069,151.198484978666102,,PST1421,,"1",Metro,"['M-3a-M-W', 'M-3b-M-P']",M-3b-MBRA-PRMT,10213.8997226234
"20560432",20560.432000000000698,"Redfern Station, Platform 2",-33.892703429251043,151.198543846246025,,PST1421,,"2",Metro,"['M-3a-W-M', 'M-3b-P-M']",M-3a-WSIA-MBRA,60440.0838232265
"20560432",20560.432000000000698,"Redfern Station, Platform 2",-33.892703429251043,151.198543846246025,,PST1421,,"2",Metro,"['M-3a-W-M', 'M-3b-P-M']",M-3b-PRMT-MBRA,26154.0903986649
"20560441",20560.440999999998894,"Zetland Station, Platform 1",-33.908603068001412,151.208291773724198,,PST2056044,,"1",Metro,"['M-3a-M-W', 'M-3b-M-P']",M-3a-MBRA-WSIA,7996.0395630245
"20560441",20560.440999999998894,"Zetland Station, Platform 1",-33.908603068001412,151.208291773724198,,PST2056044,,"1",Metro,"['M-3a-M-W', 'M-3b-M-P']",M-3b-MBRA-PRMT,7996.0395630245
"20560442",20560.441999999999098,"Zetland Station, Platform 2",-33.908468248482755,151.208374429299369,,PST2056044,,"2",Metro,"['M-3a-W-M', 'M-3b-P-M']",M-3a-WSIA-MBRA,62639.9709387700
"20560442",20560.441999999999098,"Zetland Station, Platform 2",-33.908468248482755,151.208374429299369,,PST2056044,,"2",Metro,"['M-3a-W-M', 'M-3b-P-M']",M-3b-PRMT-MBRA,28353.9775142084
"20560511",20560.510999999998603,"St Marys Station, Platform 1",-33.762256565804726,150.775061836292736,,PST1249,,"1",Metro,['M-6-T-M'],M-6-TLWG-MCTR,17329.4937381929
"20560512",20560.511999999998807,"St Marys Station, Platform 2",-33.762235889725169,150.775070686219550,,PST1249,,"2",Metro,['M-6-M-T'],M-6-MCTR-TLWG,44623.4489416182
"20560561",20560.561000000001513,"Aerotropolis Station, Platform 1",-33.920646845427370,150.735709366518734,,PST2056056,,"1",Metro,['M-6-T-M'],M-6-TLWG-MCTR,39524.4214290338
"20560562",20560.562000000001717,"Aerotropolis Station, Platform 2",-33.920661387478447,150.735564500409311,,PST2056056,,"2",Metro,['M-6-M-T'],M-6-MCTR-TLWG,22364.0508253344
"20560581",20560.580999999998312,"Narellan, Platform 1",-34.041988075560020,150.735240237433430,,PST2056058,,"1",Metro,['M-6-T-M'],M-6-TLWG-MCTR,53967.9209692238
"20560582",20560.581999999998516,"Narellan, Platform 2",-34.042088861545061,150.735040349895996,,PST2056058,,"2",Metro,['M-6-M-T'],M-6-MCTR-TLWG,7871.1973157821
"20560591",20560.591000000000349,"Macarthur Metro Station, Platform 1",-34.071754395802806,150.797068689586609,,PST1297,,"1",Metro,['M-6-M-T'],M-6-MCTR-TLWG,196.5993397208
"20560592",20560.592000000000553,"Macarthur Metro Station, Platform 2",-34.071736371431435,150.797061095404672,,PST1297,,"2",Metro,['M-6-T-M'],M-6-TLWG-MCTR,61621.2354265529
"20560621",20560.620999999999185,"Rossmore, Platform 1",-33.951125036329444,150.781097962092616,,PST2056062,,"1",Train,['T2-C-L-A'],T2-CTYC-WSAR,59590.0132493260
"20560622",20560.621999999999389,"Rossmore, Platform 2",-33.950872309309084,150.781103430539559,,PST2056062,,"2",Train,['T2-A-L-C'],T2-WSAR-CTYC,6642.1611363027
"20560563",20560.562999999998283,"Aerotropolis Station, Platform 3",-33.920624897951349,150.736284626928892,,PST2056056,,"3",Train,['T2-A-L-C'],T2-WSAR-CTYC,385.8381911580
"20560564",20560.563999999998487,"Aerotropolis Station, Platform 4",-33.920639382807728,150.736197075127023,,PST2056056,,"4",Train,['T2-C-L-A'],T2-CTYC-WSAR,65870.7926859266
"20560721",20560.721000000001368,"Marsden Park, Platform 1",-33.702113178339346,150.811480236751748,,PST2056072,,"1",Metro,['M-6-T-M'],M-6-TLWG-MCTR,9511.2229439394
"20560722",20560.722000000001572,"Marsden Park, Platform 2",-33.701931898561924,150.811240445967627,,PST2056072,,"2",Metro,['M-6-M-T'],M-6-MCTR-TLWG,52444.7114205314
"20560731",20560.730999999999767,"Schofields Station, Platform 1",-33.704709459048125,150.873686913348706,,PST1238,,"1",Metro,['M-6-T-M'],M-6-TLWG-MCTR,3350.7142181089
"20560732",20560.731999999999971,"Schofields Station, Platform 2",-33.704682367973838,150.873676218781924,,PST1238,,"2",Metro,['M-6-M-T'],M-6-MCTR-TLWG,58614.3400917125
"20560741",20560.741000000001804,"Tallawong Station, Platform 1",-33.691581780002323,150.905847640334713,,PST4008,,"1",Metro,['M-6-M-T'],M-6-MCTR-TLWG,61938.6352064147
"20560744",20560.743999999998778,"Tallawong Station, Platform 4",-33.691771962682274,150.905915297522824,,PST4008,,"4",Metro,['M-6-T-M'],M-6-TLWG-MCTR,27.0378171516
"20560851",20560.850999999998749,"Prairiewood, Platform 1",-33.857588355173483,150.897323135639823,,PST2056085,,"1",Metro,"['M-3a-M-W', 'M-5-E-W']",M-3a-MBRA-WSIA,47646.0008768593
"20560851",20560.850999999998749,"Prairiewood, Platform 1",-33.857588355173483,150.897323135639823,,PST2056085,,"1",Metro,"['M-3a-M-W', 'M-5-E-W']",M-5-EPNG-WSIA,21327.5773922440
"20560852",20560.851999999998952,"Prairiewood, Platform 2",-33.857398867673623,150.897226105182597,,PST2056085,,"2",Metro,"['M-3a-W-M', 'M-5-W-E']",M-3a-WSIA-MBRA,22927.5120860811
"20560852",20560.851999999998952,"Prairiewood, Platform 2",-33.857398867673623,150.897226105182597,,PST2056085,,"2",Metro,"['M-3a-W-M', 'M-5-W-E']",M-5-WSIA-EPNG,22927.5120860811
"20560571",20560.570999999999913,"Oran Park, Platform 1",-33.999519763785237,150.739980314278085,,PST2056057,,"1",Metro,['M-6-T-M'],M-6-TLWG-MCTR,48689.8503531978
"20560572",20560.572000000000116,"Oran Park, Platform 2",-33.999528304939091,150.739831047390794,,PST2056057,,"2",Metro,['M-6-M-T'],M-6-MCTR-TLWG,13194.8483758133
"205608121",20560.812099999995553,"Aerotropolis Station, Platfrom 5",-33.920629641498302,150.735884216478297,,PST2056056,,"5",Metro,"['M-3a-M-W', 'M-5-E-W']",M-3a-MBRA-WSIA,69485.3237906810
"205608121",20560.812099999995553,"Aerotropolis Station, Platfrom 5",-33.920629641498302,150.735884216478297,,PST2056056,,"5",Metro,"['M-3a-M-W', 'M-5-E-W']",M-5-EPNG-WSIA,43166.9003060656
"205608122",20560.812200000000303,"Aerotropolis Station, Platfrom 6",-33.920678724083864,150.735344209716118,,PST2056056,,"6",Metro,"['M-3a-W-M', 'M-5-W-E']",M-3a-WSIA-MBRA,1002.7157492880
"205608122",20560.812200000000303,"Aerotropolis Station, Platfrom 6",-33.920678724083864,150.735344209716118,,PST2056056,,"6",Metro,"['M-3a-W-M', 'M-5-W-E']",M-5-WSIA-EPNG,1002.7157492880
"20560915",20560.915000000000873,"Parramatta Metro Station, Platform 5",-33.814983753635417,151.004365365644531,,PST2056039,,"5",Metro,"['M-4a-K-T', 'M-4b-K-N']",M-4a-KGRH-TLWG,23019.8205188482
"20560915",20560.915000000000873,"Parramatta Metro Station, Platform 5",-33.814983753635417,151.004365365644531,,PST2056039,,"5",Metro,"['M-4a-K-T', 'M-4b-K-N']",M-4b-KGRH-NWST,23019.8205188482
"20560916",20560.916000000001077,"Parramatta Metro Station, Platform 6",-33.814926931515416,151.004376930524984,,PST2056039,,"6",Metro,"['M-4a-T-K', 'M-4b-N-K']",M-4a-TLWG-KGRH,17895.7934187344
"20560916",20560.916000000001077,"Parramatta Metro Station, Platform 6",-33.814926931515416,151.004376930524984,,PST2056039,,"6",Metro,"['M-4a-T-K', 'M-4b-N-K']",M-4b-NWST-KGRH,11829.7970746072
"20560943",20560.942999999999302,"Bankstown Station, Platform 3",-33.917876614640235,151.035281012626427,,PST1401,,"3",Metro,"['M-4a-K-T', 'M-4b-K-N']",M-4a-KGRH-TLWG,10740.0031755860
"20560943",20560.942999999999302,"Bankstown Station, Platform 3",-33.917876614640235,151.035281012626427,,PST1401,,"3",Metro,"['M-4a-K-T', 'M-4b-K-N']",M-4b-KGRH-NWST,10740.0031755860
"20560944",20560.943999999999505,"Bankstown Station, Platform 4",-33.917729710249183,151.035255100018901,,PST1401,,"4",Metro,"['M-4a-T-K', 'M-4b-N-K']",M-4a-TLWG-KGRH,30156.8268501330
"20560944",20560.943999999999505,"Bankstown Station, Platform 4",-33.917729710249183,151.035255100018901,,PST1401,,"4",Metro,"['M-4a-T-K', 'M-4b-N-K']",M-4b-NWST-KGRH,24090.8305060059
"20560951",20560.951000000000931,"Kingsgrove Metro Station, Platform 1",-33.940612171255864,151.100875169123242,,PST1412,,"1",Metro,"['M-4a-K-T', 'M-4b-K-N']",M-4a-KGRH-TLWG,3968.3555163564
"20560951",20560.951000000000931,"Kingsgrove Metro Station, Platform 1",-33.940612171255864,151.100875169123242,,PST1412,,"1",Metro,"['M-4a-K-T', 'M-4b-K-N']",M-4b-KGRH-NWST,3968.3555163564
"20560952",20560.952000000001135,"Kingsgrove Metro Station, Platform 2",-33.940595327044399,151.100887809599925,,PST1412,,"2",Metro,"['M-4a-T-K', 'M-4b-N-K']",M-4a-TLWG-KGRH,36931.6348738349
"20560952",20560.952000000001135,"Kingsgrove Metro Station, Platform 2",-33.940595327044399,151.100887809599925,,PST1412,,"2",Metro,"['M-4a-T-K', 'M-4b-N-K']",M-4b-NWST-KGRH,30865.6385297077
"20560961",20560.960999999999331,"Kogarah Metro Station, Platform 1",-33.962667155859322,151.132286728299192,,PST1336,,"1",Metro,"['M-4a-T-K', 'M-4b-N-K']",M-4a-TLWG-KGRH,40823.7014873871
"20560961",20560.960999999999331,"Kogarah Metro Station, Platform 1",-33.962667155859322,151.132286728299192,,PST1336,,"1",Metro,"['M-4a-T-K', 'M-4b-N-K']",M-4b-NWST-KGRH,34757.7051432600
"20560962",20560.961999999999534,"Kogarah Metro Station, Platform 2",-33.962656230874423,151.132250280238139,,PST1336,,"2",Metro,"['M-4a-K-T', 'M-4b-K-N']",M-4a-KGRH-TLWG,79.4335362415
"20560962",20560.961999999999534,"Kogarah Metro Station, Platform 2",-33.962656230874423,151.132250280238139,,PST1336,,"2",Metro,"['M-4a-K-T', 'M-4b-K-N']",M-4b-KGRH-NWST,79.4335362415
"205601017",20560.101699999995617,"Parramatta Metro Station, Platform 7",-33.814592053111355,151.004458892535524,,PST2056039,,"7",Metro,['M-5-W-E'],M-5-WSIA-EPNG,34893.6726874221
"205601018",20560.101800000000367,"Parramatta Metro Station, Platform 8",-33.814656505003363,151.004442627625025,,PST2056039,,"8",Metro,['M-5-E-W'],M-5-EPNG-WSIA,9372.0905822326
"205601031",20560.103100000003906,"Carlingford, Platform 1",-33.782158696465373,151.046934789042325,,PST20560103,,"1",Metro,['M-5-E-W'],M-5-EPNG-WSIA,3739.7893042444
"205601032",20560.103200000001380,"Carlingford, Platform 2",-33.782107698300123,151.046861345815813,,PST20560103,,"2",Metro,['M-5-W-E'],M-5-WSIA-EPNG,40522.4991623362
"205601047",20560.104700000003504,"Epping Station, Platform 7",-33.772888973850911,151.082407075932508,,PST1429,,"7",Metro,['M-5-W-E'],M-5-WSIA-EPNG,44161.3168421058
"205601048",20560.104800000000978,"Epping Station, Platform 8",-33.772937631685288,151.082032799396217,,PST1429,,"8",Metro,['M-5-E-W'],M-5-EPNG-WSIA,132.8376691230
"205601121",20560.112099999994825,"Bankstown Airport, Platform 1",-33.929604454930306,150.991445593209960,,PST20560112,,"1",Metro,['M-1-T-L'],M-1-TLWG-LVPL,70181.0465530999
"205601122",20560.112199999999575,"Bankstown Airport, Platform 2",-33.929323968357998,150.991414859566248,,PST20560112,,"2",Metro,['M-1-L-T'],M-1-LVPL-TLWG,6161.2981891214
"205601131",20560.113100000005943,"Moorebank, Platform 1",-33.929382269253480,150.954098378738308,,PST20560113,,"1",Metro,['M-1-T-L'],M-1-TLWG-LVPL,73639.1170207066
"205601132",20560.113199999999779,"Moorebank, Platform 2",-33.929243308730506,150.954108378862344,,PST20560113,,"2",Metro,['M-1-L-T'],M-1-LVPL-TLWG,2705.5466695488
"205601141",20560.114099999995233,"Liverpool Metro Station, Platform 1",-33.925119860311014,150.927479511152285,,PST1289,,"1",Metro,['M-1-T-L'],M-1-TLWG-LVPL,76192.3791013566
"205601142",20560.114199999999983,"Liverpool Metro Station, Platform 2",-33.925098438208927,150.927423526083942,,PST1289,,"2",Metro,['M-1-L-T'],M-1-LVPL-TLWG,150.5271132045
"20560521",20560.521000000000640,"Orchard Hills, Platform 1",-33.788286844037245,150.752548617955142,,PST2056052,,"1",Metro,['M-6-T-M'],M-6-TLWG-MCTR,22066.3610731504
"20560522",20560.522000000000844,"Orchard Hills, Platform 2",-33.788338457710054,150.752443075693805,,PST2056052,,"2",Metro,['M-6-M-T'],M-6-MCTR-TLWG,39845.2693997228
"20560531",20560.530999999999040,"Luddenham, Platform 1",-33.840601343761278,150.741733863779615,,PST2056053,,"1",Metro,['M-6-T-M'],M-6-TLWG-MCTR,28112.4405548494
"20560532",20560.531999999999243,"Luddenham, Platform 2",-33.840614581615327,150.741602230637227,,PST2056053,,"2",Metro,['M-6-M-T'],M-6-MCTR-TLWG,33807.1195469092
"20560541",20560.541000000001077,"Western Sydney International Business Park, Platform 1",-33.882297636139590,150.737946206626816,,PST2056054,,"1",Metro,['M-6-T-M'],M-6-TLWG-MCTR,33228.5787918019
"20560542",20560.542000000001281,"Western Sydney International Business Park, Platform 2",-33.882194873878504,150.737865435877694,,PST2056054,,"2",Metro,['M-6-M-T'],M-6-MCTR-TLWG,28713.8238057461
"205608101",20560.810099999995145,"Western Sydney International Business Park, Platform 3",-33.882399851423919,150.738032620864857,,PST2056054,,"3",Metro,"['M-3a-M-W', 'M-5-E-W']",M-3a-MBRA-WSIA,63217.3956232597
"205608101",20560.810099999995145,"Western Sydney International Business Park, Platform 3",-33.882399851423919,150.738032620864857,,PST2056054,,"3",Metro,"['M-3a-M-W', 'M-5-E-W']",M-5-EPNG-WSIA,36898.9721386444
"205608102",20560.810199999999895,"Western Sydney International Business Park, Platform 4",-33.882052725591151,150.737732505424475,,PST2056054,,"4",Metro,"['M-3a-W-M', 'M-5-W-E']",M-3a-WSIA-MBRA,7365.2888256321
"205608102",20560.810199999999895,"Western Sydney International Business Park, Platform 4",-33.882052725591151,150.737732505424475,,PST2056054,,"4",Metro,"['M-3a-W-M', 'M-5-W-E']",M-5-WSIA-EPNG,7365.2888256321
"20560551",20560.550999999999476,"Western Sydney International Airport Terminal, Platform 1",-33.890682670140947,150.720604336362499,,PST2056055,,"1",Metro,['M-6-T-M'],M-6-TLWG-MCTR,35083.2056481944
"20560552",20560.551999999999680,"Western Sydney International Airport Terminal, Platform 2",-33.890546050720609,150.720487059477250,,PST2056055,,"2",Metro,['M-6-M-T'],M-6-MCTR-TLWG,26858.1491744106
"205608111",20560.811100000006263,"Western Sydney International Airport Terminal, Platform 3",-33.890808090929184,150.720721911642926,,PST2056055,,"3",Metro,"['M-3a-M-W', 'M-5-E-W']",M-3a-MBRA-WSIA,65070.8197108427
"205608111",20560.811100000006263,"Western Sydney International Airport Terminal, Platform 3",-33.890808090929184,150.720721911642926,,PST2056055,,"3",Metro,"['M-3a-M-W', 'M-5-E-W']",M-5-EPNG-WSIA,38752.3962262274
"205608112",20560.811200000000099,"Western Sydney International Airport Terminal, Platform 4",-33.890397984092026,150.720356652901984,,PST2056055,,"4",Metro,"['M-3a-W-M', 'M-5-W-E']",M-3a-WSIA-MBRA,5510.1430857678
"205608112",20560.811200000000099,"Western Sydney International Airport Terminal, Platform 4",-33.890397984092026,150.720356652901984,,PST2056055,,"4",Metro,"['M-3a-W-M', 'M-5-W-E']",M-5-WSIA-EPNG,5510.1430857678
"205601021",20560.102100000003702,"North Parramatta, Platform 1",-33.799899866684363,151.019313811172992,,PST20560102,,"1",Metro,['M-5-E-W'],M-5-EPNG-WSIA,6985.8761129199
"205601022",20560.102200000001176,"North Parramatta, Platform 2",-33.799816666574948,151.019155932424610,,PST20560102,,"2",Metro,['M-5-W-E'],M-5-WSIA-EPNG,37271.6306039658
"20560921",20560.920999999998457,"Granville Metro Station, Platform 1",-33.835342900247518,151.006754539797072,,PST2056092,,"1",Metro,"['M-4a-K-T', 'M-4b-K-N']",M-4a-KGRH-TLWG,20459.8350822088
"20560921",20560.920999999998457,"Granville Metro Station, Platform 1",-33.835342900247518,151.006754539797072,,PST2056092,,"1",Metro,"['M-4a-K-T', 'M-4b-K-N']",M-4b-KGRH-NWST,20459.8350822088
"20560922",20560.921999999998661,"Granville Metro Station, Platform 2",-33.835376669895112,151.007227156148872,,PST2056092,,"2",Metro,"['M-4a-T-K', 'M-4b-N-K']",M-4a-TLWG-KGRH,20463.8969345918
"20560922",20560.921999999998661,"Granville Metro Station, Platform 2",-33.835376669895112,151.007227156148872,,PST2056092,,"2",Metro,"['M-4a-T-K', 'M-4b-N-K']",M-4b-NWST-KGRH,14397.9005904647
"20560931",20560.931000000000495,"Regents Park Metro Station, Platform 1",-33.880743803346270,151.016701239063678,,PST2056093,,"1",Metro,"['M-4a-T-K', 'M-4b-N-K']",M-4a-TLWG-KGRH,25580.4864011002
"20560931",20560.931000000000495,"Regents Park Metro Station, Platform 1",-33.880743803346270,151.016701239063678,,PST2056093,,"1",Metro,"['M-4a-T-K', 'M-4b-N-K']",M-4b-NWST-KGRH,19514.4900569731
"20560932",20560.932000000000698,"Regents Park Metro Station, Platform 2",-33.880796447207196,151.016490035139952,,PST2056093,,"2",Metro,"['M-4a-K-T', 'M-4b-K-N']",M-4a-KGRH-TLWG,15334.5413586059
"20560932",20560.932000000000698,"Regents Park Metro Station, Platform 2",-33.880796447207196,151.016490035139952,,PST2056093,,"2",Metro,"['M-4a-K-T', 'M-4b-K-N']",M-4b-KGRH-NWST,15334.5413586059
"20560321",20560.320999999999913,"Lilyfield, Platform 1",-33.867150743128050,151.155486096975949,,PST2056032,,"1",Metro,"['M-3a-M-W', 'M-3b-M-P']",M-3a-MBRA-WSIA,19297.4600831374
"20560321",20560.320999999999913,"Lilyfield, Platform 1",-33.867150743128050,151.155486096975949,,PST2056032,,"1",Metro,"['M-3a-M-W', 'M-3b-M-P']",M-3b-MBRA-PRMT,19297.4600831374
"20560322",20560.322000000000116,"Lilyfield, Platform 2",-33.866948692320193,151.155426141006615,,PST2056032,,"2",Metro,"['M-3a-W-M', 'M-3b-P-M']",M-3a-WSIA-MBRA,51279.2320671674
"20560322",20560.322000000000116,"Lilyfield, Platform 2",-33.866948692320193,151.155426141006615,,PST2056032,,"2",Metro,"['M-3a-W-M', 'M-3b-P-M']",M-3b-PRMT-MBRA,16993.2386426058
"20560371",20560.370999999999185,"Silverwater, Platform 1",-33.838271524470770,151.046793258082687,,PST2056037,,"1",Metro,"['M-3a-M-W', 'M-3b-M-P']",M-3a-MBRA-WSIA,30822.2859110569
"20560371",20560.370999999999185,"Silverwater, Platform 1",-33.838271524470770,151.046793258082687,,PST2056037,,"1",Metro,"['M-3a-M-W', 'M-3b-M-P']",M-3b-MBRA-PRMT,30822.2859110569
"20560372",20560.371999999999389,"Silverwater, Platform 2",-33.837884194071833,151.046923048998025,,PST2056037,,"2",Metro,"['M-3a-W-M', 'M-3b-P-M']",M-3a-WSIA-MBRA,39754.3486072163
"20560372",20560.371999999999389,"Silverwater, Platform 2",-33.837884194071833,151.046923048998025,,PST2056037,,"2",Metro,"['M-3a-W-M', 'M-3b-P-M']",M-3b-PRMT-MBRA,5468.3551826547
"20560381",20560.381000000001222,"Camellia, Platform 1",-33.828396007763551,151.026398661744452,,PST2056038,,"1",Metro,"['M-3a-M-W', 'M-3b-M-P']",M-3a-MBRA-WSIA,33029.9616175130
"20560381",20560.381000000001222,"Camellia, Platform 1",-33.828396007763551,151.026398661744452,,PST2056038,,"1",Metro,"['M-3a-M-W', 'M-3b-M-P']",M-3b-MBRA-PRMT,33029.9616175130
"20560382",20560.382000000001426,"Camellia, Platform 2",-33.828184255477794,151.026728596455399,,PST2056038,,"2",Metro,"['M-3a-W-M', 'M-3b-P-M']",M-3a-WSIA-MBRA,37565.7694028861
"20560382",20560.382000000001426,"Camellia, Platform 2",-33.828184255477794,151.026728596455399,,PST2056038,,"2",Metro,"['M-3a-W-M', 'M-3b-P-M']",M-3b-PRMT-MBRA,3279.7759783245
"20560824",20560.824000000000524,"Westmead Metro Station, Platform 4",-33.808663642587923,150.987722138035707,,PST1230,,"4",Metro,"['M-3a-W-M', 'M-5-W-E']",M-3a-WSIA-MBRA,33194.3298248936
"20560824",20560.824000000000524,"Westmead Metro Station, Platform 4",-33.808663642587923,150.987722138035707,,PST1230,,"4",Metro,"['M-3a-W-M', 'M-5-W-E']",M-5-WSIA-EPNG,33194.3298248936
"20560831",20560.830999999998312,"Merrylands West, Platform 1",-33.830851078385422,150.962750713067578,,PST2056083,,"1",Metro,"['M-3a-M-W', 'M-5-E-W']",M-3a-MBRA-WSIA,40851.3532772533
"20560831",20560.830999999998312,"Merrylands West, Platform 1",-33.830851078385422,150.962750713067578,,PST2056083,,"1",Metro,"['M-3a-M-W', 'M-5-E-W']",M-5-EPNG-WSIA,14532.9297926379
"20560832",20560.831999999998516,"Merrylands West, Platform 2",-33.830717856382172,150.962597279771984,,PST2056083,,"2",Metro,"['M-3a-W-M', 'M-5-W-E']",M-3a-WSIA-MBRA,29710.8164365020
"20560832",20560.831999999998516,"Merrylands West, Platform 2",-33.830717856382172,150.962597279771984,,PST2056083,,"2",Metro,"['M-3a-W-M', 'M-5-W-E']",M-5-WSIA-EPNG,29710.8164365020
"20560881",20560.881000000001222,"D Road, Platform 1",-33.867508597456585,150.793835034193819,,PST2056088,,"1",Metro,"['M-3a-M-W', 'M-5-E-W']",M-3a-MBRA-WSIA,57306.9143964063
"20560881",20560.881000000001222,"D Road, Platform 1",-33.867508597456585,150.793835034193819,,PST2056088,,"1",Metro,"['M-3a-M-W', 'M-5-E-W']",M-5-EPNG-WSIA,30988.4909117910
"20560882",20560.882000000001426,"D Road, Platform 2",-33.867432027125922,150.793816694433872,,PST2056088,,"2",Metro,"['M-3a-W-M', 'M-5-W-E']",M-3a-WSIA-MBRA,13276.0368229870
"20560882",20560.882000000001426,"D Road, Platform 2",-33.867432027125922,150.793816694433872,,PST2056088,,"2",Metro,"['M-3a-W-M', 'M-5-W-E']",M-5-WSIA-EPNG,13276.0368229870
"205601321",20560.132099999995262,"Randwick, Platform 1",-33.914853774088698,151.226232403182820,,PST20560132,,"1",Metro,"['M-3a-W-M', 'M-3b-P-M']",M-3a-WSIA-MBRA,64453.9712119361
"205601321",20560.132099999995262,"Randwick, Platform 1",-33.914853774088698,151.226232403182820,,PST20560132,,"1",Metro,"['M-3a-W-M', 'M-3b-P-M']",M-3b-PRMT-MBRA,30167.9777873745
"205601322",20560.132200000000012,"Randwick, Platform 2",-33.915008231969765,151.226025843035785,,PST20560132,,"2",Metro,"['M-3a-M-W', 'M-3b-M-P']",M-3a-MBRA-WSIA,6187.0329652576
"205601322",20560.132200000000012,"Randwick, Platform 2",-33.915008231969765,151.226025843035785,,PST20560132,,"2",Metro,"['M-3a-M-W', 'M-3b-M-P']",M-3b-MBRA-PRMT,6187.0329652576
"205601331",20560.133100000006380,"Maroubra, Platform 1",-33.937179982048214,151.240250857544396,,PST20560133,,"1",Metro,"['M-3a-W-M', 'M-3b-P-M']",M-3a-WSIA-MBRA,67321.6760463706
"205601331",20560.133100000006380,"Maroubra, Platform 1",-33.937179982048214,151.240250857544396,,PST20560133,,"1",Metro,"['M-3a-W-M', 'M-3b-P-M']",M-3b-PRMT-MBRA,33035.6826218090
"205601332",20560.133200000000215,"Maroubra, Platform 2",-33.937257580954146,151.239795129382543,,PST20560133,,"2",Metro,"['M-3a-M-W', 'M-3b-M-P']",M-3a-MBRA-WSIA,3329.0633587241
"205601332",20560.133200000000215,"Maroubra, Platform 2",-33.937257580954146,151.239795129382543,,PST20560133,,"2",Metro,"['M-3a-M-W', 'M-3b-M-P']",M-3b-MBRA-PRMT,3329.0633587241
"20560841",20560.841000000000349,"Wetherill Park, Platform 1",-33.849140477674453,150.924371071805723,,PST2056084,,"1",Metro,"['M-3a-M-W', 'M-5-E-W']",M-3a-MBRA-WSIA,44965.7170671025
"20560841",20560.841000000000349,"Wetherill Park, Platform 1",-33.849140477674453,150.924371071805723,,PST2056084,,"1",Metro,"['M-3a-M-W', 'M-5-E-W']",M-5-EPNG-WSIA,18647.2935824872
"20560842",20560.842000000000553,"Wetherill Park, Platform 2",-33.849040549781705,150.924287613295945,,PST2056084,,"2",Metro,"['M-3a-W-M', 'M-5-W-E']",M-3a-WSIA-MBRA,25602.5477505541
"20560842",20560.842000000000553,"Wetherill Park, Platform 2",-33.849040549781705,150.924287613295945,,PST2056084,,"2",Metro,"['M-3a-W-M', 'M-5-W-E']",M-5-WSIA-EPNG,25602.5477505541
"20560861",20560.861000000000786,"M7, Platform 1",-33.863128070963114,150.846844897931561,,PST2056086,,"1",Metro,"['M-3a-M-W', 'M-5-E-W']",M-3a-MBRA-WSIA,52377.3926009600
"20560861",20560.861000000000786,"M7, Platform 1",-33.863128070963114,150.846844897931561,,PST2056086,,"1",Metro,"['M-3a-M-W', 'M-5-E-W']",M-5-EPNG-WSIA,26058.9691163447
"20560862",20560.862000000000990,"M7, Platform 2",-33.862992814139560,150.846807954690519,,PST2056086,,"2",Metro,"['M-3a-W-M', 'M-5-W-E']",M-3a-WSIA-MBRA,18204.4753034128
"20560862",20560.862000000000990,"M7, Platform 2",-33.862992814139560,150.846807954690519,,PST2056086,,"2",Metro,"['M-3a-W-M', 'M-5-W-E']",M-5-WSIA-EPNG,18204.4753034128
"20560871",20560.870999999999185,"E Road, Platform 1",-33.865005216689077,150.824465478281013,,PST2056087,,"1",Metro,"['M-3a-M-W', 'M-5-E-W']",M-3a-MBRA-WSIA,54458.8278669956
"20560871",20560.870999999999185,"E Road, Platform 1",-33.865005216689077,150.824465478281013,,PST2056087,,"1",Metro,"['M-3a-M-W', 'M-5-E-W']",M-5-EPNG-WSIA,28140.4043823803
"20560872",20560.871999999999389,"E Road, Platform 2",-33.864880371083125,150.824441528167881,,PST2056087,,"2",Metro,"['M-3a-W-M', 'M-5-W-E']",M-3a-WSIA-MBRA,16124.1160702331
"20560872",20560.871999999999389,"E Road, Platform 2",-33.864880371083125,150.824441528167881,,PST2056087,,"2",Metro,"['M-3a-W-M', 'M-5-W-E']",M-5-WSIA-EPNG,16124.1160702331
"20560891",20560.890999999999622,"C Road, Platform 1",-33.868980832722237,150.775661210517796,,PST2056089,,"1",Metro,"['M-3a-M-W', 'M-5-E-W']",M-3a-MBRA-WSIA,58996.5962525979
"20560891",20560.890999999999622,"C Road, Platform 1",-33.868980832722237,150.775661210517796,,PST2056089,,"1",Metro,"['M-3a-M-W', 'M-5-E-W']",M-5-EPNG-WSIA,32678.1727679826
"20560892",20560.891999999999825,"C Road, Platform 2",-33.868917052624887,150.775651971416693,,PST2056089,,"2",Metro,"['M-3a-W-M', 'M-5-W-E']",M-3a-WSIA-MBRA,11587.0643352589
"20560892",20560.891999999999825,"C Road, Platform 2",-33.868917052624887,150.775651971416693,,PST2056089,,"2",Metro,"['M-3a-W-M', 'M-5-W-E']",M-5-WSIA-EPNG,11587.0643352589
"20560641",20560.640999999999622,"South Creek, Platform 1",-33.948522726252278,150.756783055802941,,PST2056064,,"1",Train,['T2-C-L-A'],T2-CTYC-WSAR,61858.1973676344
"20560642",20560.641999999999825,"South Creek, Platform 2",-33.948194633219096,150.756803984726417,,PST2056064,,"2",Train,['T2-A-L-C'],T2-WSAR-CTYC,4375.6798266665
"205601611",20560.161100000004808,Westmead Station,-33.807693143283785,150.987380849893469,,,,,LightRail,['L-1-W-C'],L-PLR1-WSMD-CLFD,8.1651067089
"205601612",20560.161199999998644,Westmead Station,-33.807696455458654,150.987390896557741,,,,,LightRail,['L-1-C-W'],L-PLR1-CLFD-WSMD,10786.7422104780
"205601621",20560.162099999994098,Westmead Hospital,-33.804782516275395,150.990050430987139,,,,,LightRail,['L-1-W-C'],L-PLR1-WSMD-CLFD,416.0284320933
"205601622",20560.162199999998847,Westmead Hospital,-33.804791858378692,150.990063872866841,,,,,LightRail,['L-1-C-W'],L-PLR1-CLFD-WSMD,10379.0208566678
"205601631",20560.163100000005215,Children's Hospital at Westmead,-33.802756171606866,150.993018519791320,,,,,LightRail,['L-1-W-C'],L-PLR1-WSMD-CLFD,827.1053084756
"205601632",20560.163199999999051,Children's Hospital at Westmead,-33.802773825348005,150.992996532209389,,,,,LightRail,['L-1-C-W'],L-PLR1-CLFD-WSMD,9969.8260480761
"205601641",20560.164099999994505,Cumberland Hospital,-33.801669385201173,151.001344528578670,,,,,LightRail,['L-1-W-C'],L-PLR1-WSMD-CLFD,1638.9222231436
"205601642",20560.164199999999255,Cumberland Hospital,-33.801689011778286,151.001365726524909,,,,,LightRail,['L-1-C-W'],L-PLR1-CLFD-WSMD,9156.0967396285
"205601651",20560.165100000005623,Factory Street,-33.800747476471550,151.004499949064012,,,,,LightRail,['L-1-W-C'],L-PLR1-WSMD-CLFD,1995.0837532005
"205601652",20560.165199999999459,Factory Street,-33.800763778017028,151.004458927419790,,,,,LightRail,['L-1-C-W'],L-PLR1-CLFD-WSMD,8802.2390486816
"205601661",20560.166099999994913,Fennell Street,-33.805271786144452,151.005926442560906,,,,,LightRail,['L-1-W-C'],L-PLR1-WSMD-CLFD,2521.1799829942
"205601662",20560.166199999999662,Fennell Street,-33.805271119700969,151.005885231335725,,,,,LightRail,['L-1-C-W'],L-PLR1-CLFD-WSMD,8276.4285486640
"205601671",20560.167100000006030,Prince Alfred Square,-33.809159993157522,151.005271418244064,,,,,LightRail,['L-1-W-C'],L-PLR1-WSMD-CLFD,2957.0064873394
"205601672",20560.167199999999866,Prince Alfred Square,-33.809156788849705,151.005237989760275,,,,,LightRail,['L-1-C-W'],L-PLR1-CLFD-WSMD,7840.6786630353
"205601681",20560.168099999995320,Eat Street,-33.813386708335429,151.003475940166339,,,,,LightRail,['L-1-W-C'],L-PLR1-WSMD-CLFD,3456.3943229960
"205601682",20560.168200000000070,Eat Street,-33.813379775885771,151.003447058186737,,,,,LightRail,['L-1-C-W'],L-PLR1-CLFD-WSMD,7341.5301183564
"205601691",20560.169100000006438,Parramatta Square,-33.815514197218235,151.004967482019708,,,,,LightRail,['L-1-W-C'],L-PLR1-WSMD-CLFD,3841.6021075544
"205601692",20560.169200000000274,Parramatta Square,-33.815549084602488,151.004954303564915,,,,,LightRail,['L-1-C-W'],L-PLR1-CLFD-WSMD,6954.9956958226
"2056016101",20560.161009999999806,Harris Street,-33.816840815384019,151.010855498702597,,,,,LightRail,['L-1-W-C'],L-PLR1-WSMD-CLFD,4406.2663406913
"2056016102",20560.161020000003191,Harris Street,-33.816878388570466,151.010842717589810,,,,,LightRail,['L-1-C-W'],L-PLR1-CLFD-WSMD,6390.2325004186
"2056016111",20560.161110000000917,Tramway Avenue,-33.817303669840115,151.018295278663089,,,,,LightRail,['L-1-W-C'],L-PLR1-WSMD-CLFD,5242.3505208124
"2056016112",20560.161120000000665,Tramway Avenue,-33.817344935566091,151.018291231805108,,,,,LightRail,['L-1-C-W'],L-PLR1-CLFD-WSMD,5552.0798668420
"2056016121",20560.161209999998391,Camellia,-33.818313871138464,151.024409832991694,,,,,LightRail,['L-1-W-C'],L-PLR1-WSMD-CLFD,5884.8790968252
"2056016122",20560.161219999994501,Camellia,-33.818319779659149,151.024430836582980,,,,,LightRail,['L-1-C-W'],L-PLR1-CLFD-WSMD,4909.4165616361
"2056016131",20560.161309999999503,Rydalmere,-33.810288097382525,151.028899803895314,,,,,LightRail,['L-1-W-C'],L-PLR1-WSMD-CLFD,6874.1860918013
"2056016132",20560.161319999999250,Rydalmere,-33.810304195707410,151.028931197373822,,,,,LightRail,['L-1-C-W'],L-PLR1-CLFD-WSMD,3920.0422852845
"2056016141",20560.161410000000615,Dundas,-33.803839013999571,151.033164424266431,,,,,LightRail,['L-1-W-C'],L-PLR1-WSMD-CLFD,7710.9797226515
"2056016142",20560.161420000004000,Dundas,-33.803862619075140,151.033182504315249,,,,,LightRail,['L-1-C-W'],L-PLR1-CLFD-WSMD,3083.7892868888
"2056016151",20560.161510000001726,Telopea,-33.794531487865278,151.040998395542971,,,,,LightRail,['L-1-W-C'],L-PLR1-WSMD-CLFD,9132.1783898973
"2056016152",20560.161520000001474,Telopea,-33.794553019196712,151.041035528646375,,,,,LightRail,['L-1-C-W'],L-PLR1-CLFD-WSMD,1662.9159325442
"2056016161",20560.161609999999200,Carlingford,-33.782078533498776,151.047051266240743,,,,,LightRail,['L-1-W-C'],L-PLR1-WSMD-CLFD,10776.4921829487
"2056016162",20560.161619999995310,Carlingford,-33.782090944703576,151.047073673317385,,,,,LightRail,['L-1-C-W'],L-PLR1-CLFD-WSMD,18.7259915603
"2056016171",20560.161710000000312,Western Sydney University,-33.813470526015394,151.026598172503981,,,,,LightRail,['L-1-W-C'],L-PLR1-WSMD-CLFD,6460.9498415879
"2056016172",20560.161720000000059,Western Sydney University,-33.813492297668688,151.026617594802872,,,,,LightRail,['L-1-C-W'],L-PLR1-CLFD-WSMD,4334.8094398246
"205601711",20560.171100000003207,Western Sydney University,-33.813450037895109,151.026667983134246,,,,,LightRail,['L-2-P-O'],L-PLR2-WSUN-OLYP,1.8757341505
"205601712",20560.171200000000681,Western Sydney University,-33.813469727022920,151.026663793805966,,,,,LightRail,['L-2-O-P'],L-PLR2-OLYP-WSUN,9733.7624885561
"205601721",20560.172099999996135,Pike Street,-33.814571101412845,151.035687236124062,,,,,LightRail,['L-2-P-O'],L-PLR2-WSUN-OLYP,846.3667893479
"205601722",20560.172200000000885,Pike Street,-33.814611604083446,151.035628834540091,,,,,LightRail,['L-2-O-P'],L-PLR2-OLYP-WSUN,8893.8399119660
"205601731",20560.173100000003615,Rydalmere Public School,-33.815785913331325,151.044188909267746,,,,,LightRail,['L-2-P-O'],L-PLR2-WSUN-OLYP,1644.8975771415
"205601732",20560.173200000001088,Rydalmere Public School,-33.815823995923466,151.044188042191308,,,,,LightRail,['L-2-O-P'],L-PLR2-OLYP-WSUN,8089.9719446688
"205601741",20560.174100000003818,Silverwater Road,-33.818073679405892,151.051692197533271,,,,,LightRail,['L-2-P-O'],L-PLR2-WSUN-OLYP,2385.2328044586
"205601742",20560.174200000001292,Silverwater Road,-33.818098262726558,151.051696534996381,,,,,LightRail,['L-2-O-P'],L-PLR2-OLYP-WSUN,7349.1968194048
"205601751",20560.175100000004022,Boronia Street,-33.817794172544204,151.060849405379400,,,,,LightRail,['L-2-P-O'],L-PLR2-WSUN-OLYP,3273.4568847335
"205601752",20560.175200000001496,Boronia Street,-33.817822477525290,151.060907265155265,,,,,LightRail,['L-2-O-P'],L-PLR2-OLYP-WSUN,6457.3474813444
"205601761",20560.176099999993312,Hope Street,-33.815353546909535,151.065439313230286,,,,,LightRail,['L-2-P-O'],L-PLR2-WSUN-OLYP,3809.6097151400
"205601762",20560.176200000001700,Hope Street,-33.815375837208727,151.065460603872964,,,,,LightRail,['L-2-O-P'],L-PLR2-OLYP-WSUN,5923.8435115400
"205601771",20560.177100000004430,Melrose Park,-33.815864884951878,151.071112856695095,,,,,LightRail,['L-2-P-O'],L-PLR2-WSUN-OLYP,4493.9881058852
"205601772",20560.177199999998265,Melrose Park,-33.815879930181048,151.071095312315094,,,,,LightRail,['L-2-O-P'],L-PLR2-OLYP-WSUN,5240.3122166818
"205601781",20560.178099999993719,Park Street North,-33.824015499136905,151.077195979853627,,,,,LightRail,['L-2-P-O'],L-PLR2-WSUN-OLYP,5703.0804466402
"205601782",20560.178199999998469,Park Street North,-33.824009257908685,151.077155761359109,,,,,LightRail,['L-2-O-P'],L-PLR2-OLYP-WSUN,4030.8361449823
"205601791",20560.179100000004837,Stromboli Strait,-33.829747350749983,151.072273343605360,,,,,LightRail,['L-2-P-O'],L-PLR2-WSUN-OLYP,6485.2678505627
"205601792",20560.179199999998673,Stromboli Strait,-33.829742241261762,151.072219143530020,,,,,LightRail,['L-2-O-P'],L-PLR2-OLYP-WSUN,3247.5467354802
"2056017101",20560.171009999998205,Australia Avenue,-33.840900214114555,151.069174947745296,,,,,LightRail,['L-2-P-O'],L-PLR2-WSUN-OLYP,8013.5792855865
"2056017102",20560.171020000005228,Australia Avenue,-33.840911382789891,151.069078454529148,,,,,LightRail,['L-2-O-P'],L-PLR2-OLYP-WSUN,1722.3162447802
"2056017111",20560.171109999999317,Olympic Park Station,-33.846974284009683,151.069334722190433,,,,,LightRail,['L-2-P-O'],L-PLR2-WSUN-OLYP,8889.4182499786
"2056017112",20560.171119999999064,Olympic Park Station,-33.846949446193570,151.069300852663531,,,,,LightRail,['L-2-O-P'],L-PLR2-OLYP-WSUN,843.7261489037
"2056017121",20560.171210000000428,Edwin Flack Avenue,-33.849703044240712,151.061976309152328,,,,,LightRail,['L-2-P-O'],L-PLR2-WSUN-OLYP,9634.6763792933
"2056017122",20560.171220000003814,Edwin Flack Avenue,-33.849679069449863,151.061932980255563,,,,,LightRail,['L-2-O-P'],L-PLR2-OLYP-WSUN,97.6512810171
"205601221",20560.122099999996863,"Westmead Light Rail Station, Platform 1",-33.804725891722910,150.989976628285689,,PST20560122,,"1",Metro,"['M-4a-K-T', 'M-4b-K-N']",M-4a-KGRH-TLWG,24849.0606658463
"205601221",20560.122099999996863,"Westmead Light Rail Station, Platform 1",-33.804725891722910,150.989976628285689,,PST20560122,,"1",Metro,"['M-4a-K-T', 'M-4b-K-N']",M-4b-KGRH-NWST,24849.0606658463
"205601222",20560.122200000001612,"Westmead Light Rail Station, Platform 2",-33.804659809309193,150.990063791428582,,PST20560122,,"2",Metro,"['M-4a-T-K', 'M-4b-N-K']",M-4a-TLWG-KGRH,16066.5573528608
"205601222",20560.122200000001612,"Westmead Light Rail Station, Platform 2",-33.804659809309193,150.990063791428582,,PST20560122,,"2",Metro,"['M-4a-T-K', 'M-4b-N-K']",M-4b-NWST-KGRH,10000.5610087336
"205601231",20560.123100000004342,"Briens Road, Platform 1",-33.796504647073476,150.985243511742681,,PST20560123,,"1",Metro,"['M-4a-K-T', 'M-4b-K-N']",M-4a-KGRH-TLWG,25861.8300251018
"205601231",20560.123100000004342,"Briens Road, Platform 1",-33.796504647073476,150.985243511742681,,PST20560123,,"1",Metro,"['M-4a-K-T', 'M-4b-K-N']",M-4b-KGRH-NWST,25861.8300251018
"205601232",20560.123200000001816,"Briens Road, Platform 2",-33.796457550346048,150.985432452946185,,PST20560123,,"2",Metro,"['M-4a-T-K', 'M-4b-N-K']",M-4a-TLWG-KGRH,15059.6238215372
"205601232",20560.123200000001816,"Briens Road, Platform 2",-33.796457550346048,150.985432452946185,,PST20560123,,"2",Metro,"['M-4a-T-K', 'M-4b-N-K']",M-4b-NWST-KGRH,8993.6274774101
"205601251",20560.125100000004750,"Abbott Road, Platform 1",-33.765595700255290,150.958381399466191,,PST20560125,,"1",Metro,"['M-4a-K-T', 'M-4b-K-N']",M-4a-KGRH-TLWG,30199.3056869345
"205601251",20560.125100000004750,"Abbott Road, Platform 1",-33.765595700255290,150.958381399466191,,PST20560125,,"1",Metro,"['M-4a-K-T', 'M-4b-K-N']",M-4b-KGRH-NWST,30199.3056869345
"205601252",20560.125199999998586,"Abbott Road, Platform 2",-33.765571432931232,150.958614916435238,,PST20560125,,"2",Metro,"['M-4a-T-K', 'M-4b-N-K']",M-4a-TLWG-KGRH,10720.9840970661
"205601252",20560.125199999998586,"Abbott Road, Platform 2",-33.765571432931232,150.958614916435238,,PST20560125,,"2",Metro,"['M-4a-T-K', 'M-4b-N-K']",M-4b-NWST-KGRH,4654.9877529390
"205601241",20560.124099999993632,"Old Toongabbie, Platform 1",-33.783220663854451,150.969033068010305,,PST20560124,,"1",Metro,"['M-4a-K-T', 'M-4b-K-N']",M-4a-KGRH-TLWG,27975.1371896039
"205601241",20560.124099999993632,"Old Toongabbie, Platform 1",-33.783220663854451,150.969033068010305,,PST20560124,,"1",Metro,"['M-4a-K-T', 'M-4b-K-N']",M-4b-KGRH-NWST,27975.1371896039
"205601242",20560.124199999998382,"Old Toongabbie, Platform 2",-33.783150594153533,150.969209508848536,,PST20560124,,"2",Metro,"['M-4a-T-K', 'M-4b-N-K']",M-4a-TLWG-KGRH,12947.2999220025
"205601242",20560.124199999998382,"Old Toongabbie, Platform 2",-33.783150594153533,150.969209508848536,,PST20560124,,"2",Metro,"['M-4a-T-K', 'M-4b-N-K']",M-4b-NWST-KGRH,6881.3035778754
"205601261",20560.126099999994040,"M7, Platform 1",-33.751459883090590,150.951804149496581,,PST20560126,,"1",Metro,"['M-4a-K-T', 'M-4b-K-N']",M-4a-KGRH-TLWG,31897.4399018001
"205601261",20560.126099999994040,"M7, Platform 1",-33.751459883090590,150.951804149496581,,PST20560126,,"1",Metro,"['M-4a-K-T', 'M-4b-K-N']",M-4b-KGRH-NWST,31897.4399018001
"205601262",20560.126199999998789,"M7, Platform 2",-33.751424272176564,150.951990316048807,,PST20560126,,"2",Metro,"['M-4a-T-K', 'M-4b-N-K']",M-4a-TLWG-KGRH,9023.1293654903
"205601262",20560.126199999998789,"M7, Platform 2",-33.751424272176564,150.951990316048807,,PST20560126,,"2",Metro,"['M-4a-T-K', 'M-4b-N-K']",M-4b-NWST-KGRH,2957.1330213632
"205602013",20560.201299999993353,"Bella Vista Station, Platform 3",-33.730758509362829,150.943944844583626,,PST4005,,"3",Metro,['M-4a-K-T'],M-4a-KGRH-TLWG,34314.6630342086
"205602014",20560.201400000001740,"Bella Vista Station, Platform 4",-33.730672886396320,150.944246309681972,,PST4005,,"4",Metro,['M-4a-T-K'],M-4a-TLWG-KGRH,6595.7985273010
"205602023",20560.202300000004470,"Kellyville Station, Platform 3",-33.713551254930714,150.935197604142985,,PST4006,,"3",Metro,['M-4a-K-T'],M-4a-KGRH-TLWG,36393.9575719547
"205602024",20560.202040000000125,"Kellyville Station, Platform 4",-33.713497609547893,150.935363938475035,,PST4006,,"4",Metro,['M-4a-T-K'],M-4a-TLWG-KGRH,4514.4919565468
"205602033",20560.203299999993760,"Rouse Hill Station, Platform 3",-33.692018381456968,150.924265214317188,,PST4007,,"3",Metro,['M-4a-K-T'],M-4a-KGRH-TLWG,39006.7080887741
"205602034",20560.203399999998510,"Rouse Hill Station, Platform 4",-33.691969076580641,150.924352444301149,,PST4007,,"4",Metro,['M-4a-T-K'],M-4a-TLWG-KGRH,1899.4314976885
"205602043",20560.204300000004878,"Tallawong Station, Platform 5",-33.691725848432256,150.905979006873224,,PST4008,,"5",Metro,['M-4a-K-T'],M-4a-KGRH-TLWG,40890.1150165122
"205602044",20560.204399999998714,"Tallawong Station, Platform 6",-33.691593881519573,150.905930190647609,,PST4008,,"6",Metro,['M-4a-T-K'],M-4a-TLWG-KGRH,6.1566128838
"205602053",20560.205299999994168,"Norwest Station, Platform 3",-33.734199042560697,150.963850534238276,,PST4004,,"3",Metro,['M-4b-K-N'],M-4b-KGRH-NWST,34799.5028998577
"205602054",20560.205399999998917,"Norwest Station, Platform 4",-33.734389021467429,150.963964978623522,,PST4004,,"4",Metro,['M-4b-N-K'],M-4b-NWST-KGRH,51.2604528526
"205605101",20560.510099999995873,Aerotropolis South,-33.935115706188483,150.739273086833890,,PST20560510,,"1",Metro,['M-6-T-M'],M-6-TLWG-MCTR,41182.1495794050
"205605102",20560.510200000000623,Aerotropolis South,-33.935181961442524,150.739046019989331,,PST20560510,,"2",Metro,['M-6-M-T'],M-6-MCTR-TLWG,20691.5084990621
"20560651",20560.651000000001659,Aerotropolis South,-33.934941188378318,150.739732805048590,,PST20560510,,"3",Train,['T2-A-L-C'],T2-WSAR-CTYC,2027.2722463244
"20560652",20560.651999999998225,Aerotropolis South,-33.934965723401831,150.739686471980406,,PST20560510,,"4",Train,['T2-C-L-A'],T2-CTYC-WSAR,64224.9216998334
