shape_id,begin,end
21-857-sj2-1.9.R,"1","519"
21-852-sj2-1.9.H,"1","1031"
21-852-sj2-1.8.R,"1","545"
21-852-sj2-1.7.H,"1","584"
21-852-sj2-1.6.R,"1","716"
21-852-sj2-1.5.H,"1","751"
21-852-sj2-1.4.H,"1","681"
21-852-sj2-1.3.R,"1","701"
21-852-sj2-1.2.R,"1","780"
21-853-sj2-1.16.R,"1","353"
21-853-sj2-1.15.R,"1","272"
21-853-sj2-1.14.R,"1","270"
21-853-sj2-1.13.H,"1","212"
21-853-sj2-1.12.H,"1","338"
21-853-sj2-1.11.R,"1","173"
21-853-sj2-1.10.R,"1","312"
21-853-sj2-1.1.R,"1","218"
21-853-sj2-1.5.R,"1","300"
21-853-sj2-1.4.R,"1","257"
21-853-sj2-1.3.H,"1","282"
21-853-sj2-1.20.H,"1","310"
21-853-sj2-1.2.H,"1","374"
21-853-sj2-1.19.R,"1","301"
21-853-sj2-1.18.H,"1","334"
21-853-sj2-1.17.H,"1","477"
21-854-sj2-1.12.R,"1","455"
21-854-sj2-1.11.R,"1","212"
21-854-sj2-1.10.H,"1","245"
21-854-sj2-1.1.H,"1","303"
21-853-sj2-1.9.H,"1","189"
21-853-sj2-1.8.H,"1","309"
32-S56-0-sj2-1.1.R,"1","262"
21-853-sj2-1.7.H,"1","320"
21-853-sj2-1.6.R,"1","297"
32-S55-6-sj2-1.1.R,"1","323"
21-854-sj2-1.2.H,"1","688"
21-854-sj2-1.19.H,"1","376"
21-854-sj2-1.18.R,"1","376"
21-854-sj2-1.17.H,"1","463"
21-854-sj2-1.16.R,"1","259"
21-854-sj2-1.15.H,"1","414"
21-854-sj2-1.14.H,"1","337"
21-854-sj2-1.13.H,"1","336"
21-855-sj2-1.1.R,"1","641"
21-854-sj2-1.9.H,"1","273"
21-854-sj2-1.8.R,"1","255"
21-854-sj2-1.7.R,"1","361"
21-854-sj2-1.6.R,"1","329"
21-854-sj2-1.5.R,"1","357"
21-854-sj2-1.4.R,"1","240"
21-854-sj2-1.3.H,"1","283"
21-855-sj2-1.17.R,"1","684"
21-855-sj2-1.16.R,"1","847"
21-855-sj2-1.15.R,"1","756"
21-855-sj2-1.14.R,"1","832"
21-855-sj2-1.13.H,"1","788"
21-855-sj2-1.12.H,"1","150"
21-855-sj2-1.11.R,"1","58"
21-855-sj2-1.10.H,"1","50"
21-855-sj2-1.7.H,"1","822"
21-855-sj2-1.6.H,"1","690"
21-855-sj2-1.5.H,"1","678"
21-855-sj2-1.4.R,"1","699"
21-855-sj2-1.3.H,"1","860"
21-855-sj2-1.2.R,"1","687"
21-855-sj2-1.19.R,"1","723"
21-855-sj2-1.18.R,"1","868"
20-401-0-sj2-1.1.R,"1","693"
20-400-5-sj2-1.1.R,"1","412"
22-T80-sj2-1.3.H,"1","328"
22-T80-sj2-1.2.R,"1","457"
22-T80-sj2-1.14.R,"1","320"
22-T80-sj2-1.11.H,"1","300"
22-T80-sj2-1.9.H,"1","178"
22-T80-sj2-1.6.R,"1","351"
20-404-8-sj2-1.1.R,"1","239"
38-S52-0-sj2-1.1.H,"1","588"
38-S51-9-sj2-1.1.H,"1","251"
38-S51-0-sj2-1.1.R,"1","896"
38-M90-sj2-1.6.R,"1","138"
20-789-sj2-1.4.R,"1","342"
20-789-sj2-1.3.H,"1","375"
38-M90-sj2-1.37.H,"1","127"
20-789-sj2-1.2.H,"1","403"
38-M90-sj2-1.36.R,"1","698"
20-789-sj2-1.1.H,"1","350"
20-408-0-sj2-1.1.R,"1","598"
2-T8-sj2-9.9.H,"1","714"
2-T8-sj2-9.59.H,"1","711"
2-T8-sj2-9.58.R,"1","621"
20-789-sj2-1.5.R,"1","349"
2-T8-sj2-9.57.H,"1","723"
22-957-8-sj2-1.1.H,"1","449"
22-960-1-sj2-1.1.H,"1","575"
22-958-7-sj2-1.1.H,"1","243"
22-958-6-sj2-1.1.H,"1","225"
22-961-6-sj2-1.1.H,"1","446"
22-961-5-sj2-1.1.H,"1","397"
22-961-4-sj2-1.1.H,"1","620"
22-961-2-sj2-1.1.H,"1","494"
22-961-1-sj2-1.1.H,"1","566"
22-961-0-sj2-1.1.H,"1","730"
22-960-4-sj2-1.1.H,"1","495"
22-962-4-sj2-1.1.H,"1","743"
38-N30-sj2-1.3.H,"1","1387"
38-N30-sj2-1.2.R,"1","662"
38-N30-sj2-1.1.R,"1","1367"
22-962-1-sj2-1.1.H,"1","503"
22-961-7-sj2-1.1.H,"1","354"
22-963-1-sj2-1.1.H,"1","691"
38-S61-9-sj2-1.1.H,"1","1120"
22-962-7-sj2-1.1.H,"1","85"
38-S61-7-sj2-1.1.R,"1","440"
22-962-5-sj2-1.1.H,"1","493"
22-980-5-sj2-1.1.H,"1","552"
38-S61-1-sj2-1.1.H,"1","82"
22-980-4-sj2-1.1.H,"1","329"
38-S60-7-sj2-1.1.R,"1","117"
22-980-3-sj2-1.1.H,"1","356"
22-980-0-sj2-1.1.H,"1","516"
22-970-4-sj2-1.1.H,"1","151"
22-970-3-sj2-1.1.H,"1","537"
22-970-2-sj2-1.1.H,"1","245"
22-982-7-sj2-1.1.H,"1","306"
22-982-5-sj2-1.1.H,"1","762"
22-982-3-sj2-1.1.H,"1","683"
22-981-8-sj2-1.1.H,"1","879"
38-S62-2-sj2-1.1.R,"1","275"
22-981-3-sj2-1.1.H,"1","657"
22-981-0-sj2-1.1.H,"1","814"
22-980-8-sj2-1.1.H,"1","750"
22-980-6-sj2-1.1.H,"1","538"
22-T80-sj2-1.10.R,"1","182"
21-103-8-sj2-1.1.R,"1","277"
22-T80-sj2-1.1.H,"1","431"
21-103-7-sj2-1.1.R,"1","456"
22-S10-sj2-1.2.H,"1","109"
21-103-6-sj2-1.1.R,"1","231"
22-S10-sj2-1.1.R,"1","108"
20-457-3-sj2-1.1.H,"1","680"
21-103-5-sj2-1.1.R,"1","848"
21-103-4-sj2-1.1.R,"1","523"
22-983-5-sj2-1.1.H,"1","639"
21-103-3-sj2-1.1.R,"1","151"
22-983-4-sj2-1.1.H,"1","756"
21-103-2-sj2-1.1.R,"1","312"
22-983-3-sj2-1.1.H,"1","77"
21-103-1-sj2-1.1.R,"1","677"
21-104-9-sj2-1.1.R,"1","737"
21-104-8-sj2-1.1.R,"1","465"
21-104-4-sj2-1.1.R,"1","771"
21-104-3-sj2-1.1.R,"1","428"
21-104-2-sj2-1.1.R,"1","257"
21-104-1-sj2-1.1.R,"1","258"
21-104-0-sj2-1.1.R,"1","171"
21-103-9-sj2-1.1.R,"1","140"
21-200-7-sj2-1.1.H,"1","1041"
21-200-5-sj2-1.1.H,"1","164"
21-200-3-sj2-1.1.H,"1","391"
21-200-1-sj2-1.1.H,"1","343"
20-461-1-sj2-1.1.H,"1","745"
21-105-3-sj2-1.1.R,"1","202"
21-105-2-sj2-1.1.R,"1","80"
21-105-1-sj2-1.1.R,"1","655"
21-105-0-sj2-1.1.R,"1","337"
21-202-2-sj2-1.1.H,"1","427"
21-201-9-sj2-1.1.H,"1","565"
21-201-7-sj2-1.1.H,"1","533"
21-201-5-sj2-1.1.H,"1","376"
21-201-4-sj2-1.1.H,"1","508"
21-201-3-sj2-1.1.H,"1","160"
21-201-0-sj2-1.1.H,"1","142"
21-200-9-sj2-1.1.H,"1","147"
21-203-2-sj2-1.1.H,"1","787"
21-203-1-sj2-1.1.H,"1","293"
21-202-9-sj2-1.1.H,"1","462"
21-202-8-sj2-1.1.H,"1","418"
21-202-7-sj2-1.1.H,"1","384"
21-202-6-sj2-1.1.H,"1","252"
21-202-5-sj2-1.1.H,"1","161"
21-202-4-sj2-1.1.H,"1","226"
21-204-1-sj2-1.1.H,"1","359"
21-204-0-sj2-1.1.H,"1","491"
21-203-9-sj2-1.1.H,"1","504"
21-203-8-sj2-1.1.H,"1","489"
21-203-7-sj2-1.1.H,"1","261"
38-S52-8-sj2-1.1.R,"1","467"
21-203-5-sj2-1.1.H,"1","131"
38-S52-7-sj2-1.1.H,"1","289"
21-203-4-sj2-1.1.H,"1","524"
38-S52-6-sj2-1.1.H,"1","173"
21-203-3-sj2-1.1.H,"1","139"
38-S52-5-sj2-1.1.H,"1","896"
21-205-2-sj2-1.1.H,"1","624"
38-S52-4-sj2-1.1.R,"1","79"
21-205-1-sj2-1.1.H,"1","441"
21-204-8-sj2-1.1.H,"1","881"
38-S52-1-sj2-1.1.H,"1","289"
21-204-6-sj2-1.1.H,"1","436"
38-S54-5-sj2-1.1.H,"1","486"
21-204-5-sj2-1.1.H,"1","757"
38-S54-2-sj2-1.1.H,"1","107"
21-204-2-sj2-1.1.H,"1","303"
21-206-1-sj2-1.1.H,"1","301"
21-206-0-sj2-1.1.H,"1","240"
38-S53-3-sj2-1.1.H,"1","800"
21-205-8-sj2-1.1.H,"1","666"
38-S53-2-sj2-1.1.R,"1","746"
20-410-5-sj2-1.1.R,"1","541"
21-205-7-sj2-1.1.H,"1","114"
38-S55-9-sj2-1.1.H,"1","407"
21-205-6-sj2-1.1.H,"1","526"
21-205-5-sj2-1.1.H,"1","968"
21-205-4-sj2-1.1.H,"1","458"
21-205-3-sj2-1.1.H,"1","1117"
20-795-sj2-1.3.R,"1","554"
20-795-sj2-1.2.R,"1","600"
38-S54-5-sj2-1.2.H,"1","150"
20-795-sj2-1.10.R,"1","637"
38-S57-5-sj2-1.1.H,"1","796"
38-S56-9-sj2-1.1.H,"1","84"
20-411-0-sj2-1.1.R,"1","578"
38-S56-6-sj2-1.1.H,"1","84"
38-S56-4-sj2-1.2.H,"1","1052"
38-S56-4-sj2-1.1.H,"1","1038"
38-S56-3-sj2-1.1.H,"1","106"
20-795-sj2-1.8.R,"1","610"
20-795-sj2-1.7.R,"1","575"
20-795-sj2-1.5.R,"1","548"
20-795-sj2-1.4.R,"1","550"
38-S59-0-sj2-1.1.R,"1","294"
38-S58-9-sj2-1.1.R,"1","532"
38-S58-8-sj2-1.1.R,"1","294"
20-414-7-sj2-1.1.R,"1","333"
20-451-0-sj2-1.1.H,"1","348"
20-450-9-sj2-1.1.H,"1","294"
21-100-5-sj2-1.1.R,"1","581"
21-100-4-sj2-1.1.R,"1","233"
21-100-3-sj2-1.1.R,"1","145"
21-100-2-sj2-1.1.R,"1","211"
21-100-1-sj2-1.1.R,"1","572"
21-101-3-sj2-1.1.R,"1","651"
21-101-2-sj2-1.1.R,"1","306"
21-101-0-sj2-1.1.R,"1","111"
38-902-X-sj2-1.6.H,"1","881"
21-100-9-sj2-1.1.R,"1","304"
38-902-X-sj2-1.5.R,"1","480"
21-100-8-sj2-1.1.R,"1","677"
38-902-X-sj2-1.4.R,"1","638"
21-100-7-sj2-1.1.R,"1","134"
38-902-X-sj2-1.3.R,"1","424"
21-100-6-sj2-1.1.R,"1","841"
38-902-X-sj2-1.2.R,"1","767"
21-102-2-sj2-1.1.R,"1","485"
38-902-X-sj2-1.1.H,"1","414"
21-102-1-sj2-1.1.R,"1","685"
38-902-sj2-1.9.R,"1","353"
21-102-0-sj2-1.1.R,"1","305"
38-902-sj2-1.8.H,"1","394"
21-101-8-sj2-1.1.R,"1","200"
38-903-sj2-1.5.R,"1","414"
21-101-7-sj2-1.1.R,"1","601"
38-903-sj2-1.4.R,"1","401"
21-101-6-sj2-1.1.R,"1","485"
38-903-sj2-1.3.R,"1","388"
20-454-9-sj2-1.1.H,"1","1203"
21-101-5-sj2-1.1.R,"1","202"
38-903-sj2-1.2.R,"1","408"
21-101-4-sj2-1.1.R,"1","662"
38-903-sj2-1.12.R,"1","367"
21-103-0-sj2-1.1.R,"1","383"
38-903-sj2-1.11.R,"1","400"
21-102-9-sj2-1.1.R,"1","868"
38-903-sj2-1.10.R,"1","405"
21-102-8-sj2-1.1.R,"1","288"
38-903-sj2-1.1.R,"1","410"
21-102-7-sj2-1.1.R,"1","730"
38-904-sj2-1.4.R,"1","428"
21-102-6-sj2-1.1.R,"1","544"
21-102-5-sj2-1.1.R,"1","311"
21-102-4-sj2-1.1.R,"1","831"
38-904-sj2-1.1.R,"1","400"
21-102-3-sj2-1.1.R,"1","79"
38-903-sj2-1.9.R,"1","389"
38-903-sj2-1.8.R,"1","393"
38-903-sj2-1.7.R,"1","407"
38-903-sj2-1.6.R,"1","281"
22-813-sj2-1.13.R,"1","913"
38-904-sj2-1.8.H,"1","412"
22-813-sj2-1.11.R,"1","952"
38-904-sj2-1.5.R,"1","407"
22-813-sj2-1.3.H,"1","811"
2-T5-sj2-9.13.R,"1","646"
2-T5-sj2-9.12.R,"1","648"
2-T5-sj2-9.11.H,"1","664"
2-T5-sj2-9.10.R,"1","650"
2-T5-sj2-9.1.H,"1","487"
22-816-sj2-1.7.R,"1","467"
2-T5-sj2-9.20.H,"1","660"
2-T5-sj2-9.2.R,"1","468"
2-T5-sj2-9.19.H,"1","659"
2-T5-sj2-9.18.H,"1","572"
2-T5-sj2-9.16.H,"1","839"
2-T5-sj2-9.15.H,"1","843"
22-819-sj2-1.4.R,"1","212"
22-819-sj2-1.3.R,"1","303"
22-819-sj2-1.2.R,"1","204"
22-819-sj2-1.1.R,"1","574"
2-T3-sj2-9.93.R,"1","551"
2-T3-sj2-9.92.H,"1","649"
22-819-sj2-1.5.R,"1","158"
22-806-sj2-1.11.H,"1","212"
22-806-sj2-1.10.R,"1","213"
22-806-sj2-1.1.H,"1","957"
1-32T-8-sj2-1.1.R,"1","1123"
22-805-sj2-1.9.H,"1","271"
22-805-sj2-1.8.H,"1","270"
38-901-sj2-1.11.R,"1","582"
22-805-sj2-1.7.R,"1","726"
38-901-sj2-1.10.R,"1","557"
1-31T-8-sj2-1.2.R,"1","927"
38-901-sj2-1.1.R,"1","584"
1-31T-8-sj2-1.1.H,"1","1022"
22-805-sj2-1.5.H,"1","742"
22-806-sj2-1.6.H,"1","1007"
22-806-sj2-1.3.R,"1","977"
38-901-sj2-1.19.H,"1","734"
22-806-sj2-1.2.H,"1","445"
38-901-sj2-1.18.H,"1","599"
38-901-sj2-1.17.H,"1","513"
38-901-sj2-1.16.H,"1","627"
22-808-sj2-1.1.R,"1","807"
38-901-sj2-1.15.H,"1","737"
22-807-sj2-1.5.H,"1","537"
38-901-sj2-1.14.R,"1","558"
1-32T-8-sj2-1.2.H,"1","1106"
22-807-sj2-1.4.H,"1","607"
38-901-sj2-1.13.H,"1","461"
22-807-sj2-1.3.H,"1","122"
38-901-sj2-1.12.R,"1","417"
22-807-sj2-1.2.R,"1","544"
38-901-sj2-1.8.R,"1","454"
22-807-sj2-1.1.R,"1","614"
38-901-sj2-1.7.R,"1","579"
38-901-sj2-1.6.R,"1","601"
22-806-sj2-1.8.H,"1","211"
38-901-sj2-1.5.R,"1","593"
22-808-sj2-1.7.R,"1","872"
38-901-sj2-1.4.R,"1","573"
22-808-sj2-1.6.H,"1","225"
38-901-sj2-1.3.R,"1","471"
38-901-sj2-1.20.H,"1","625"
22-808-sj2-1.4.H,"1","810"
38-901-sj2-1.2.H,"1","734"
38-902-sj2-1.7.R,"1","575"
22-808-sj2-1.2.H,"1","809"
38-902-sj2-1.6.R,"1","256"
22-808-sj2-1.11.H,"1","224"
38-902-sj2-1.5.R,"1","234"
22-808-sj2-1.10.H,"1","482"
38-902-sj2-1.4.H,"1","373"
38-902-sj2-1.3.R,"1","354"
38-902-sj2-1.2.R,"1","189"
38-902-sj2-1.1.R,"1","375"
38-901-sj2-1.9.R,"1","357"
22-808-sj2-1.8.H,"1","828"
2-T5-sj2-9.9.H,"1","663"
2-T5-sj2-9.81.R,"1","832"
2-T8-sj2-9.12.R,"1","605"
2-T8-sj2-9.11.H,"1","726"
2-T8-sj2-9.10.H,"1","695"
2-T8-sj2-9.1.H,"1","709"
22-908-5-sj2-1.1.R,"1","375"
22-908-1-sj2-1.1.R,"1","672"
2-T8-sj2-9.19.R,"1","596"
2-T8-sj2-9.18.R,"1","595"
2-T8-sj2-9.17.R,"1","619"
2-T8-sj2-9.16.H,"1","704"
22-907-1-sj2-1.1.R,"1","781"
2-T8-sj2-9.15.H,"1","723"
22-907-0-sj2-1.1.R,"1","301"
2-T8-sj2-9.14.R,"1","588"
22-920-4-sj2-1.1.R,"1","178"
2-T8-sj2-9.13.R,"1","625"
22-920-1-sj2-1.1.R,"1","256"
2-T8-sj2-9.27.H,"1","605"
2-T8-sj2-9.26.H,"1","731"
22-910-4-sj2-1.1.R,"1","186"
38-M90-sj2-1.20.H,"1","800"
2-T8-sj2-9.24.H,"1","735"
22-909-1-sj2-1.1.R,"1","512"
38-M90-sj2-1.2.R,"1","393"
22-908-8-sj2-1.1.R,"1","383"
38-M90-sj2-1.19.H,"1","375"
38-M90-sj2-1.18.R,"1","763"
22-930-9-sj2-1.1.R,"1","909"
38-M90-sj2-1.17.H,"1","611"
2-T8-sj2-9.20.R,"1","601"
22-930-8-sj2-1.1.R,"1","593"
38-M90-sj2-1.16.R,"1","721"
2-T8-sj2-9.34.H,"1","716"
22-930-7-sj2-1.1.R,"1","95"
38-M90-sj2-1.15.R,"1","361"
2-T8-sj2-9.33.H,"1","605"
22-930-6-sj2-1.1.R,"1","545"
38-M90-sj2-1.14.R,"1","786"
2-T8-sj2-9.32.R,"1","624"
22-930-4-sj2-1.1.R,"1","945"
22-930-3-sj2-1.1.R,"1","792"
2-T8-sj2-9.30.H,"1","700"
22-930-1-sj2-1.1.R,"1","419"
38-M90-sj2-1.26.R,"1","678"
2-T8-sj2-9.3.R,"1","592"
22-930-0-sj2-1.1.R,"1","845"
22-931-9-sj2-1.1.R,"1","283"
38-M90-sj2-1.24.R,"1","416"
22-931-8-sj2-1.1.R,"1","223"
38-M90-sj2-1.23.H,"1","784"
2-T8-sj2-9.41.R,"1","624"
22-931-7-sj2-1.1.R,"1","330"
38-M90-sj2-1.22.H,"1","731"
2-T8-sj2-9.40.H,"1","610"
22-931-6-sj2-1.1.R,"1","92"
23-N50-sj2-1.3.H,"1","980"
38-M90-sj2-1.21.R,"1","567"
2-T8-sj2-9.4.R,"1","589"
22-931-5-sj2-1.1.R,"1","339"
38-M90-sj2-1.35.H,"1","557"
2-T8-sj2-9.39.R,"1","618"
22-931-4-sj2-1.1.R,"1","627"
23-N50-sj2-1.1.R,"1","1016"
38-M90-sj2-1.34.H,"1","715"
2-T8-sj2-9.38.H,"1","713"
22-931-3-sj2-1.1.R,"1","773"
38-M90-sj2-1.33.H,"1","416"
22-931-1-sj2-1.1.R,"1","304"
38-M90-sj2-1.32.H,"1","359"
2-T8-sj2-9.36.H,"1","740"
2-T8-sj2-9.35.R,"1","607"
38-M90-sj2-1.30.R,"1","811"
2-T8-sj2-9.49.R,"1","599"
38-M90-sj2-1.3.H,"1","143"
2-T8-sj2-9.48.R,"1","599"
38-M90-sj2-1.29.H,"1","737"
2-T8-sj2-9.43.H,"1","728"
2-T8-sj2-9.42.R,"1","605"
2-T8-sj2-9.56.R,"1","624"
2-T8-sj2-9.55.R,"1","623"
2-T8-sj2-9.54.H,"1","622"
22-951-0-sj2-1.1.H,"1","688"
2-T8-sj2-9.53.H,"1","740"
22-950-7-sj2-1.1.H,"1","1000"
2-T8-sj2-9.52.H,"1","740"
2-T8-sj2-9.51.H,"1","622"
22-950-3-sj2-1.1.H,"1","388"
2-T8-sj2-9.50.R,"1","598"
2-T8-sj2-9.5.H,"1","694"
2-T5-sj2-9.28.R,"1","849"
22-953-9-sj2-1.1.H,"1","286"
2-T5-sj2-9.27.R,"1","836"
22-953-4-sj2-1.1.H,"1","480"
2-T5-sj2-9.25.H,"1","654"
22-953-2-sj2-1.1.H,"1","180"
2-T5-sj2-9.24.H,"1","578"
22-953-0-sj2-1.1.H,"1","276"
2-T5-sj2-9.23.R,"1","570"
2-T5-sj2-9.22.H,"1","574"
2-T5-sj2-9.21.R,"1","650"
2-T5-sj2-9.35.H,"1","659"
2-T5-sj2-9.34.R,"1","567"
2-T5-sj2-9.33.R,"1","576"
2-T5-sj2-9.30.R,"1","826"
2-T5-sj2-9.3.H,"1","840"
2-T5-sj2-9.29.R,"1","835"
2-T5-sj2-9.42.H,"1","563"
2-T5-sj2-9.41.R,"1","653"
2-T5-sj2-9.40.R,"1","853"
2-T5-sj2-9.4.R,"1","831"
2-T5-sj2-9.39.R,"1","840"
2-T5-sj2-9.38.R,"1","840"
2-T5-sj2-9.37.R,"1","844"
22-823-sj2-1.6.R,"1","236"
2-T5-sj2-9.36.H,"1","570"
22-823-sj2-1.5.R,"1","162"
2-T5-sj2-9.5.R,"1","831"
22-823-sj2-1.4.R,"1","204"
2-T5-sj2-9.49.R,"1","645"
22-823-sj2-1.3.R,"1","173"
2-T5-sj2-9.48.H,"1","663"
22-823-sj2-1.2.R,"1","231"
2-T5-sj2-9.47.R,"1","567"
22-823-sj2-1.1.R,"1","110"
2-T5-sj2-9.46.R,"1","645"
2-T5-sj2-9.45.R,"1","848"
2-T5-sj2-9.44.H,"1","573"
22-827-sj2-1.7.R,"1","382"
22-827-sj2-1.6.R,"1","480"
2-T5-sj2-9.56.H,"1","650"
22-827-sj2-1.5.H,"1","468"
2-T5-sj2-9.55.H,"1","651"
22-827-sj2-1.4.R,"1","385"
2-T5-sj2-9.54.R,"1","647"
22-827-sj2-1.3.H,"1","421"
2-T5-sj2-9.53.R,"1","652"
22-827-sj2-1.2.H,"1","367"
2-T5-sj2-9.52.H,"1","576"
22-827-sj2-1.1.R,"1","436"
2-T5-sj2-9.51.R,"1","658"
2-T5-sj2-9.50.H,"1","660"
2-T5-sj2-9.65.R,"1","827"
2-T5-sj2-9.64.R,"1","652"
2-T5-sj2-9.62.R,"1","833"
2-T5-sj2-9.61.H,"1","850"
2-T5-sj2-9.60.H,"1","654"
2-T5-sj2-9.6.H,"1","850"
2-T5-sj2-9.59.H,"1","578"
2-T5-sj2-9.58.R,"1","647"
22-901-7-sj2-1.1.R,"1","238"
2-T5-sj2-9.70.H,"1","576"
2-T5-sj2-9.7.H,"1","847"
2-T5-sj2-9.69.H,"1","843"
2-T5-sj2-9.68.H,"1","574"
2-T5-sj2-9.67.H,"1","654"
2-T5-sj2-9.66.R,"1","568"
2-T5-sj2-9.8.R,"1","836"
2-T2-sj2-9.121.R,"1","770"
22-903-1-sj2-1.1.R,"1","280"
2-T2-sj2-9.120.H,"1","869"
2-T5-sj2-9.78.H,"1","850"
2-T2-sj2-9.12.R,"1","336"
22-902-9-sj2-1.1.R,"1","562"
2-T2-sj2-9.119.H,"1","873"
2-T5-sj2-9.76.H,"1","843"
22-905-7-sj2-1.1.R,"1","364"
22-905-4-sj2-1.1.R,"1","658"
2-T2-sj2-9.129.H,"1","873"
22-906-9-sj2-1.1.R,"1","258"
21-870-sj2-1.27.R,"1","391"
22-906-6-sj2-1.1.R,"1","574"
2-T2-sj2-9.122.H,"1","873"
21-870-sj2-1.26.H,"1","1121"
2-T2-sj2-9.17.R,"1","331"
21-870-sj2-1.25.H,"1","1242"
21-870-sj2-1.24.H,"1","1191"
2-T2-sj2-9.15.H,"1","854"
21-870-sj2-1.23.H,"1","1119"
21-870-sj2-1.21.H,"1","1182"
21-870-sj2-1.20.H,"1","1188"
21-870-sj2-1.34.R,"1","1083"
2-T2-sj2-9.13.H,"1","331"
21-870-sj2-1.33.R,"1","1078"
2-T2-sj2-9.24.R,"1","552"
21-870-sj2-1.32.R,"1","1212"
2-T2-sj2-9.23.R,"1","771"
2-T2-sj2-9.22.R,"1","739"
21-870-sj2-1.30.R,"1","295"
2-T2-sj2-9.21.R,"1","770"
21-870-sj2-1.3.R,"1","1173"
2-T2-sj2-9.20.H,"1","328"
2-T2-sj2-9.2.R,"1","770"
21-870-sj2-1.28.H,"1","1124"
2-T2-sj2-9.19.R,"1","767"
21-871-sj2-1.2.H,"1","473"
2-T2-sj2-9.18.R,"1","334"
21-871-sj2-1.1.H,"1","393"
21-870-sj2-1.9.H,"1","820"
2-T2-sj2-9.31.H,"1","886"
21-870-sj2-1.8.R,"1","894"
2-T2-sj2-9.3.H,"1","870"
21-870-sj2-1.7.R,"1","1078"
2-T2-sj2-9.29.R,"1","521"
21-870-sj2-1.6.R,"1","1059"
21-870-sj2-1.5.R,"1","1304"
21-870-sj2-1.4.H,"1","918"
2-T2-sj2-9.26.R,"1","553"
21-872-sj2-1.10.H,"1","1150"
2-T2-sj2-9.25.R,"1","551"
21-872-sj2-1.1.R,"1","1162"
76-636-sj2-1.2.R,"1","3483"
21-871-sj2-1.8.R,"1","409"
76-636-sj2-1.1.R,"1","3484"
21-871-sj2-1.7.H,"1","175"
76-635-sj2-1.2.H,"1","3483"
2-T2-sj2-9.39.H,"1","514"
21-871-sj2-1.6.H,"1","1014"
76-635-sj2-1.1.H,"1","3483"
2-T2-sj2-9.38.R,"1","802"
21-871-sj2-1.5.H,"1","1119"
2-T2-sj2-9.37.R,"1","770"
21-871-sj2-1.4.R,"1","461"
2-T2-sj2-9.36.R,"1","523"
21-871-sj2-1.3.R,"1","1129"
2-T2-sj2-9.35.H,"1","513"
2-T2-sj2-9.34.R,"1","553"
21-872-sj2-1.2.R,"1","1207"
2-T2-sj2-9.49.R,"1","763"
21-872-sj2-1.15.R,"1","844"
2-T2-sj2-9.48.H,"1","885"
21-872-sj2-1.14.H,"1","1080"
21-872-sj2-1.13.R,"1","796"
2-T2-sj2-9.46.R,"1","802"
21-872-sj2-1.12.R,"1","295"
2-T2-sj2-9.45.H,"1","881"
2-T2-sj2-9.42.H,"1","516"
2-T2-sj2-9.41.H,"1","339"
2-T2-sj2-9.57.R,"1","770"
2-T2-sj2-9.56.R,"1","334"
21-872-sj2-1.9.R,"1","540"
2-T2-sj2-9.55.R,"1","514"
21-872-sj2-1.8.R,"1","891"
2-T2-sj2-9.54.H,"1","516"
21-872-sj2-1.7.H,"1","1169"
2-T2-sj2-9.53.H,"1","893"
21-872-sj2-1.6.H,"1","1147"
2-T2-sj2-9.52.H,"1","344"
21-872-sj2-1.5.H,"1","295"
2-T2-sj2-9.51.H,"1","886"
2-T2-sj2-9.50.R,"1","339"
21-865-sj2-1.2.H,"1","234"
21-865-sj2-1.13.H,"1","167"
21-865-sj2-1.12.R,"1","203"
21-865-sj2-1.11.R,"1","231"
21-865-sj2-1.10.R,"1","246"
21-865-sj2-1.1.H,"1","173"
21-864-sj2-1.2.R,"1","453"
21-864-sj2-1.1.H,"1","447"
21-866-sj2-1.1.H,"1","174"
21-865-sj2-1.9.H,"1","259"
21-865-sj2-1.8.H,"1","272"
21-865-sj2-1.7.R,"1","188"
21-865-sj2-1.6.R,"1","139"
21-865-sj2-1.5.R,"1","249"
21-865-sj2-1.4.R,"1","237"
21-865-sj2-1.3.R,"1","100"
21-866-sj2-1.4.R,"1","238"
21-866-sj2-1.3.H,"1","235"
21-866-sj2-1.2.H,"1","139"
21-866-sj2-1.14.R,"1","155"
21-866-sj2-1.13.R,"1","236"
21-866-sj2-1.12.H,"1","231"
21-866-sj2-1.11.H,"1","223"
21-866-sj2-1.10.H,"1","112"
21-867-sj2-1.3.H,"1","406"
21-867-sj2-1.2.H,"1","647"
21-867-sj2-1.1.R,"1","422"
21-866-sj2-1.9.R,"1","313"
21-866-sj2-1.8.R,"1","193"
21-866-sj2-1.7.H,"1","299"
21-866-sj2-1.6.R,"1","251"
21-866-sj2-1.5.R,"1","315"
21-869-sj2-1.11.R,"1","737"
21-869-sj2-1.10.R,"1","496"
2-T2-sj2-9.107.H,"1","870"
21-869-sj2-1.1.H,"1","678"
2-T2-sj2-9.105.R,"1","768"
21-868-sj2-1.5.R,"1","301"
2-T2-sj2-9.104.R,"1","771"
21-868-sj2-1.4.H,"1","275"
2-T2-sj2-9.102.R,"1","736"
21-868-sj2-1.3.H,"1","234"
2-T2-sj2-9.101.R,"1","768"
21-868-sj2-1.2.R,"1","231"
2-T2-sj2-9.100.R,"1","744"
21-868-sj2-1.1.R,"1","288"
2-T2-sj2-9.10.H,"1","779"
21-869-sj2-1.5.R,"1","138"
2-T2-sj2-9.1.R,"1","335"
21-869-sj2-1.4.H,"1","80"
21-869-sj2-1.3.H,"1","178"
21-869-sj2-1.2.H,"1","516"
21-869-sj2-1.15.H,"1","798"
2-T2-sj2-9.111.R,"1","766"
21-869-sj2-1.14.R,"1","217"
21-869-sj2-1.13.R,"1","768"
21-869-sj2-1.12.H,"1","485"
2-T2-sj2-9.109.H,"1","869"
21-870-sj2-1.12.R,"1","780"
2-T2-sj2-9.108.R,"1","767"
21-870-sj2-1.11.R,"1","1306"
21-870-sj2-1.10.H,"1","444"
21-870-sj2-1.1.R,"1","409"
21-869-sj2-1.9.R,"1","661"
21-869-sj2-1.8.H,"1","743"
21-869-sj2-1.7.R,"1","185"
21-869-sj2-1.6.H,"1","318"
21-870-sj2-1.2.R,"1","935"
2-T3-sj2-9.29.R,"1","745"
21-870-sj2-1.19.H,"1","1106"
2-T3-sj2-9.42.H,"1","695"
21-870-sj2-1.18.H,"1","1090"
2-T3-sj2-9.41.R,"1","684"
2-T3-sj2-9.40.H,"1","699"
21-870-sj2-1.16.R,"1","523"
2-T3-sj2-9.4.H,"1","649"
21-870-sj2-1.15.R,"1","1094"
2-T3-sj2-9.39.R,"1","686"
21-870-sj2-1.14.R,"1","1205"
2-T3-sj2-9.38.H,"1","696"
2-T3-sj2-9.37.R,"1","686"
22-802-sj2-1.10.H,"1","218"
2-T3-sj2-9.36.H,"1","691"
2-T3-sj2-9.50.H,"1","696"
22-801-sj2-1.6.R,"1","685"
22-801-sj2-1.5.R,"1","473"
2-T3-sj2-9.49.R,"1","680"
22-801-sj2-1.4.H,"1","497"
2-T3-sj2-9.48.R,"1","677"
22-801-sj2-1.3.H,"1","624"
76-623-sj2-1.2.H,"1","7688"
22-801-sj2-1.2.H,"1","699"
76-623-sj2-1.1.H,"1","7526"
22-801-sj2-1.1.R,"1","482"
76-622-sj2-1.2.R,"1","7462"
2-T3-sj2-9.44.H,"1","698"
76-622-sj2-1.1.R,"1","7352"
2-T3-sj2-9.43.H,"1","690"
76-621-sj2-1.2.H,"1","7684"
2-T3-sj2-9.58.H,"1","210"
76-621-sj2-1.1.H,"1","7522"
2-T3-sj2-9.57.H,"1","693"
22-802-sj2-1.15.H,"1","788"
2-T3-sj2-9.56.R,"1","684"
2-T3-sj2-9.55.R,"1","684"
22-802-sj2-1.13.H,"1","213"
76-634-sj2-1.1.R,"1","3484"
2-T3-sj2-9.54.R,"1","211"
22-802-sj2-1.12.R,"1","244"
76-633-sj2-1.1.H,"1","3484"
2-T3-sj2-9.53.R,"1","684"
22-802-sj2-1.11.H,"1","800"
76-632-sj2-1.1.R,"1","3486"
2-T3-sj2-9.52.H,"1","698"
22-802-sj2-1.25.R,"1","814"
76-631-sj2-1.1.H,"1","3477"
2-T3-sj2-9.51.R,"1","685"
22-802-sj2-1.24.H,"1","823"
76-624-sj2-1.4.R,"1","8228"
76-624-sj2-1.3.R,"1","8118"
2-T3-sj2-9.64.H,"1","649"
76-624-sj2-1.2.R,"1","8117"
2-T3-sj2-9.63.H,"1","670"
22-802-sj2-1.21.R,"1","340"
76-624-sj2-1.1.R,"1","8227"
22-802-sj2-1.20.H,"1","326"
2-T3-sj2-9.61.H,"1","693"
2-T3-sj2-9.60.H,"1","210"
2-T3-sj2-9.6.R,"1","553"
22-803-sj2-1.1.R,"1","233"
22-802-sj2-1.9.R,"1","331"
22-802-sj2-1.8.R,"1","791"
22-802-sj2-1.7.R,"1","782"
22-802-sj2-1.6.H,"1","807"
2-T3-sj2-9.7.H,"1","668"
22-802-sj2-1.4.H,"1","307"
22-802-sj2-1.3.H,"1","830"
2-T3-sj2-9.8.R,"1","555"
22-804-sj2-1.13.H,"1","733"
2-T3-sj2-9.79.R,"1","551"
2-T3-sj2-9.78.H,"1","668"
22-804-sj2-1.11.R,"1","1010"
22-804-sj2-1.10.H,"1","490"
22-804-sj2-1.1.H,"1","983"
22-803-sj2-1.2.R,"1","425"
22-804-sj2-1.22.R,"1","942"
22-804-sj2-1.21.R,"1","490"
22-804-sj2-1.20.H,"1","391"
22-804-sj2-1.2.H,"1","997"
22-804-sj2-1.18.R,"1","480"
22-804-sj2-1.16.R,"1","388"
22-805-sj2-1.1.R,"1","680"
22-804-sj2-1.9.H,"1","1033"
2-T2-sj2-9.64.R,"1","739"
22-804-sj2-1.8.H,"1","1033"
2-T2-sj2-9.63.R,"1","793"
22-804-sj2-1.7.R,"1","985"
2-T2-sj2-9.62.R,"1","771"
22-804-sj2-1.6.R,"1","707"
2-T2-sj2-9.61.R,"1","747"
22-804-sj2-1.5.H,"1","489"
22-804-sj2-1.4.H,"1","953"
22-804-sj2-1.3.R,"1","932"
22-805-sj2-1.4.H,"1","694"
22-805-sj2-1.3.H,"1","693"
2-T2-sj2-9.71.R,"1","745"
22-805-sj2-1.2.R,"1","373"
2-T2-sj2-9.70.H,"1","730"
22-805-sj2-1.14.H,"1","423"
22-805-sj2-1.13.H,"1","324"
2-T2-sj2-9.69.H,"1","724"
22-805-sj2-1.12.H,"1","369"
2-T2-sj2-9.68.R,"1","743"
22-805-sj2-1.11.R,"1","412"
22-805-sj2-1.10.R,"1","305"
2-T2-sj2-9.66.H,"1","881"
2-T2-sj2-9.65.H,"1","888"
2-T2-sj2-9.8.H,"1","869"
2-T2-sj2-9.78.H,"1","733"
2-T2-sj2-9.77.H,"1","731"
2-T2-sj2-9.76.R,"1","513"
2-T2-sj2-9.75.R,"1","520"
2-T2-sj2-9.74.H,"1","869"
2-T2-sj2-9.72.H,"1","731"
2-T2-sj2-9.89.H,"1","854"
2-T2-sj2-9.88.H,"1","873"
2-T2-sj2-9.86.R,"1","771"
2-T2-sj2-9.85.R,"1","747"
2-T2-sj2-9.84.R,"1","664"
2-T2-sj2-9.83.H,"1","728"
2-T2-sj2-9.96.H,"1","828"
2-T2-sj2-9.95.H,"1","877"
2-T2-sj2-9.94.H,"1","851"
2-T2-sj2-9.93.H,"1","851"
2-T2-sj2-9.92.H,"1","881"
2-T2-sj2-9.91.H,"1","857"
2-T2-sj2-9.90.H,"1","880"
2-T2-sj2-9.9.H,"1","327"
2-T3-sj2-9.13.R,"1","558"
2-T3-sj2-9.11.H,"1","649"
2-T3-sj2-9.10.H,"1","670"
2-T2-sj2-9.98.R,"1","761"
2-T2-sj2-9.97.H,"1","885"
2-T3-sj2-9.20.H,"1","649"
2-T3-sj2-9.18.H,"1","670"
2-T3-sj2-9.17.H,"1","659"
2-T3-sj2-9.15.R,"1","553"
32-S14-9-sj2-1.1.R,"1","649"
2-T3-sj2-9.24.R,"1","553"
2-T3-sj2-9.22.H,"1","659"
2-T3-sj2-9.21.H,"1","659"
32-S15-0-sj2-1.1.H,"1","628"
76-SHL-sj2-1.15.R,"1","1999"
76-SHL-sj2-1.14.R,"1","2789"
21-403-2-sj2-1.1.H,"1","503"
21-403-1-sj2-1.1.H,"1","518"
21-402-8-sj2-1.1.H,"1","1079"
76-SHL-sj2-1.7.H,"1","2957"
76-SHL-sj2-1.4.H,"1","2153"
76-SHL-sj2-1.2.R,"1","2009"
21-403-6-sj2-1.1.H,"1","463"
21-851-sj2-1.3.H,"1","538"
21-851-sj2-1.2.H,"1","461"
21-851-sj2-1.14.R,"1","447"
21-851-sj2-1.13.H,"1","635"
21-851-sj2-1.12.H,"1","372"
21-851-sj2-1.11.R,"1","521"
21-851-sj2-1.10.H,"1","575"
21-851-sj2-1.1.R,"1","500"
21-852-sj2-1.10.R,"1","592"
21-852-sj2-1.1.R,"1","652"
21-851-sj2-1.9.R,"1","506"
21-851-sj2-1.8.R,"1","432"
21-851-sj2-1.7.H,"1","702"
21-851-sj2-1.6.R,"1","515"
21-851-sj2-1.5.R,"1","536"
21-851-sj2-1.4.H,"1","627"
21-852-sj2-1.18.H,"1","630"
21-852-sj2-1.17.H,"1","909"
21-852-sj2-1.16.R,"1","591"
21-852-sj2-1.15.R,"1","521"
21-852-sj2-1.14.R,"1","667"
21-852-sj2-1.13.H,"1","562"
21-852-sj2-1.12.R,"1","717"
21-852-sj2-1.11.R,"1","619"
21-207-1-sj2-1.1.H,"1","678"
21-207-0-sj2-1.1.H,"1","270"
21-206-9-sj2-1.1.H,"1","345"
21-206-8-sj2-1.1.H,"1","279"
21-206-7-sj2-1.1.H,"1","271"
21-206-5-sj2-1.1.H,"1","385"
21-206-4-sj2-1.1.H,"1","190"
21-206-3-sj2-1.1.H,"1","233"
21-300-2-sj2-1.1.R,"1","328"
21-208-2-sj2-1.1.H,"1","330"
21-208-0-sj2-1.1.H,"1","413"
32-S10-2-sj2-1.1.H,"1","312"
21-207-8-sj2-1.1.H,"1","549"
32-S10-1-sj2-1.1.R,"1","353"
21-207-7-sj2-1.1.H,"1","545"
21-207-6-sj2-1.1.H,"1","699"
21-301-0-sj2-1.1.R,"1","607"
32-S10-7-sj2-1.1.R,"1","447"
32-S10-5-sj2-1.1.H,"1","270"
32-S10-4-sj2-1.1.H,"1","270"
32-S10-3-sj2-1.1.R,"1","287"
21-301-6-sj2-1.1.R,"1","1070"
21-302-9-sj2-1.1.R,"1","747"
21-302-4-sj2-1.1.R,"1","654"
21-303-3-sj2-1.1.R,"1","530"
21-401-1-sj2-1.1.H,"1","289"
21-401-0-sj2-1.1.H,"1","395"
21-400-9-sj2-1.1.H,"1","607"
21-856-sj2-1.14.R,"1","812"
21-856-sj2-1.13.R,"1","863"
21-856-sj2-1.12.R,"1","822"
21-856-sj2-1.11.R,"1","844"
21-856-sj2-1.10.R,"1","698"
21-856-sj2-1.1.H,"1","166"
21-855-sj2-1.9.R,"1","151"
21-855-sj2-1.8.R,"1","784"
21-856-sj2-1.21.H,"1","754"
21-856-sj2-1.20.H,"1","883"
21-856-sj2-1.2.R,"1","795"
21-856-sj2-1.19.H,"1","901"
21-856-sj2-1.18.H,"1","865"
21-856-sj2-1.17.H,"1","736"
21-856-sj2-1.16.R,"1","859"
21-856-sj2-1.15.R,"1","755"
21-856-sj2-1.9.R,"1","827"
21-856-sj2-1.8.R,"1","723"
21-856-sj2-1.7.R,"1","683"
21-856-sj2-1.5.R,"1","715"
21-856-sj2-1.3.R,"1","778"
21-856-sj2-1.26.R,"1","135"
21-856-sj2-1.22.H,"1","772"
21-857-sj2-1.16.H,"1","1133"
21-857-sj2-1.15.R,"1","346"
21-857-sj2-1.14.R,"1","641"
21-857-sj2-1.13.R,"1","677"
21-857-sj2-1.12.R,"1","344"
21-857-sj2-1.11.R,"1","755"
21-857-sj2-1.1.R,"1","365"
21-857-sj2-1.23.H,"1","824"
21-857-sj2-1.22.H,"1","653"
21-857-sj2-1.21.H,"1","746"
21-857-sj2-1.20.H,"1","747"
21-857-sj2-1.2.H,"1","479"
21-857-sj2-1.19.H,"1","606"
21-857-sj2-1.18.H,"1","782"
21-857-sj2-1.17.H,"1","729"
21-857-sj2-1.30.R,"1","430"
21-857-sj2-1.3.H,"1","385"
21-857-sj2-1.29.R,"1","440"
21-857-sj2-1.28.R,"1","380"
21-857-sj2-1.27.H,"1","307"
21-857-sj2-1.26.H,"1","684"
21-857-sj2-1.25.H,"1","617"
21-857-sj2-1.24.H,"1","783"
21-857-sj2-1.8.R,"1","626"
21-857-sj2-1.7.R,"1","806"
21-857-sj2-1.6.R,"1","770"
21-857-sj2-1.5.H,"1","416"
21-857-sj2-1.4.R,"1","425"
21-857-sj2-1.33.H,"1","361"
21-857-sj2-1.32.R,"1","467"
21-857-sj2-1.31.R,"1","476"
21-859-sj2-1.4.R,"1","190"
21-859-sj2-1.3.R,"1","346"
21-859-sj2-1.2.H,"1","182"
21-859-sj2-1.1.H,"1","362"
