shape_pt_node,shape_pt_seq,route_id,index,y,x,osmid,highway,ref,lon,lat,geometry
272854963,1,TT-2056,272854963,-3755550.023884408,308363.2925353871,272854963,traffic_signals,,150.92687969999997,-33.9229662,POINT (308363.2925353871 -3755550.023884408)
5752114846,2,TT-2056,5752114846,-3755530.123583576,308223.6436695384,5752114846,,,150.9253742,-33.9227614,POINT (308223.6436695384 -3755530.123583576)
272854964,3,TT-2056,272854964,-3755525.55927458,308190.92939398193,272854964,,,150.9250215,-33.922714299999996,POINT (308190.9293939819 -3755525.55927458)
1844215663,4,TT-2056,1844215663,-3755523.899919145,308179.7135300513,1844215663,traffic_signals,,150.9249006,-33.9226973,POINT (308179.7135300513 -3755523.899919145)
274485396,5,TT-2056,274485396,-3755509.0972698107,308070.6523504681,274485396,,,150.9237247,-33.922544,POINT (308070.6523504682 -3755509.097269811)
1857227913,6,TT-2056,1857227913,-3755718.5893768114,308040.6509849289,1857227913,,,150.9233545,-33.924426700000005,POINT (308040.6509849289 -3755718.589376811)
6031151684,7,TT-2056,6031151684,-3755739.426068615,308037.34529718827,6031151684,,,150.9233142,-33.9246139,POINT (308037.3452971883 -3755739.426068615)
1857227902,8,TT-2056,1857227902,-3755757.846680787,308033.36179889785,1857227902,,,150.92326709999998,-33.9247792,POINT (308033.3617988979 -3755757.846680787)
274485440,9,TT-2056,274485440,-3755770.0143321417,308026.9580173793,274485440,traffic_signals,,150.92319519999998,-33.924887700000006,POINT (308026.9580173793 -3755770.014332142)
6824584989,10,TT-2056,6824584989,-3755810.1356802513,307976.9839773732,6824584989,,,150.92264609999998,-33.9252402,POINT (307976.9839773732 -3755810.135680251)
1857228094,11,TT-2056,1857228094,-3755837.202234832,307943.2646031135,1857228094,traffic_signals,,150.9222756,-33.925478000000005,POINT (307943.2646031135 -3755837.202234832)
1844215682,12,TT-2056,1844215682,-3755903.6997010894,307866.3100466893,1844215682,traffic_signals,,150.92142900000002,-33.926063299999996,POINT (307866.3100466893 -3755903.699701089)
6824584992,13,TT-2056,6824584992,-3755927.1548272236,307841.1010832985,6824584992,,,150.9211513,-33.9262701,POINT (307841.1010832985 -3755927.154827224)
274485441,14,TT-2056,274485441,-3755967.2291216524,307796.78795451904,274485441,,,150.9206634,-33.9266232,POINT (307796.787954519 -3755967.229121652)
1857227863,15,TT-2056,1857227863,-3755984.494749217,307784.10625820805,1857227863,,,150.9205225,-33.9267765,POINT (307784.106258208 -3755984.494749217)
1857228044,16,TT-2056,1857228044,-3756003.0020352807,307772.5688780126,1857228044,,,150.9203937,-33.9269412,POINT (307772.5688780126 -3756003.002035281)
1857228022,17,TT-2056,1857228022,-3756012.2711606114,307766.3103336963,1857228022,traffic_signals,,150.920324,-33.927023600000005,POINT (307766.3103336963 -3756012.271160611)
1857227941,18,TT-2056,1857227941,-3756024.5506867818,307757.13471347786,1857227941,,,150.9202221,-33.9271326,POINT (307757.1347134779 -3756024.550686782)
1857227800,19,TT-2056,1857227800,-3756034.932615225,307744.69283493713,1857227800,,,150.9200853,-33.9272239,POINT (307744.6928349371 -3756034.932615225)
1857228156,20,TT-2056,1857228156,-3756042.0932716606,307732.4353993177,1857228156,,,150.91995119999999,-33.927286200000005,POINT (307732.4353993178 -3756042.093271661)
1857227826,21,TT-2056,1857227826,-3756062.2074996233,307702.93272295076,1857227826,,,150.91962780000003,-33.92746210000001,POINT (307702.9327229508 -3756062.207499623)
1857228163,22,TT-2056,1857228163,-3756069.8199841133,307691.9238428435,1857228163,,,150.9195071,-33.9275287,POINT (307691.9238428435 -3756069.819984113)
1857227892,23,TT-2056,1857227892,-3756085.759302329,307673.5276207133,1857227892,,,150.91930469999997,-33.927669,POINT (307673.5276207133 -3756085.759302329)
7299060281,24,TT-2056,7299060281,-3756089.552215826,307669.775564887,7299060281,,,150.9192633,-33.9277025,POINT (307669.775564887 -3756089.552215827)
1857227880,25,TT-2056,1857227880,-3756106.1727120695,307653.3539567783,1857227880,,,150.9190821,-33.9278493,POINT (307653.3539567783 -3756106.172712069)
1857227811,26,TT-2056,1857227811,-3756138.662165691,307622.0124511932,1857227811,,,150.9187361,-33.9281364,POINT (307622.0124511932 -3756138.662165691)
1857227975,27,TT-2056,1857227975,-3756169.323133867,307594.9439342922,1857227975,,,150.91843669999997,-33.928407799999995,POINT (307594.9439342922 -3756169.323133867)
3626144499,28,TT-2056,3626144499,-3756188.7323265546,307573.41844027024,3626144499,traffic_signals,,150.9181997,-33.9285788,POINT (307573.4184402702 -3756188.732326555)
1857228014,29,TT-2056,1857228014,-3756196.850070042,307562.6697709729,1857228014,,,150.9180817,-33.92865,POINT (307562.6697709729 -3756196.850070042)
36399156,30,TT-2056,36399156,-3756205.800535266,307546.97151122725,36399156,,,150.91791,-33.9287278,POINT (307546.9715112273 -3756205.800535266)
3626144501,31,TT-2056,3626144501,-3756214.2358061317,307511.8314986271,3626144501,,,150.9175282,-33.9287974,POINT (307511.8314986271 -3756214.235806132)
3626144502,32,TT-2056,3626144502,-3756215.830005695,307490.6845416387,3626144502,,,150.91729919999997,-33.928807899999995,POINT (307490.6845416387 -3756215.830005695)
36399659,33,TT-2056,36399659,-3756214.0949258762,307453.7288621409,36399659,,,150.9169,-33.9287855,POINT (307453.728862141 -3756214.094925876)
1336425373,34,TT-2056,1336425373,-3756209.019719791,307444.1274929001,1336425373,,,150.9167973,-33.928738,POINT (307444.1274929001 -3756209.019719791)
7299087006,35,TT-2056,7299087006,-3756207.385006474,307427.9184635014,7299087006,,,150.91662240000002,-33.928720299999995,POINT (307427.9184635014 -3756207.385006474)
7299087006,36,TT-2056,7299087006,-3756207.385006474,307427.9184635014,7299087006,,,150.91662240000002,-33.928720299999995,POINT (307427.9184635014 -3756207.385006474)
1336425355,37,TT-2056,1336425355,-3756198.156933215,307336.5395450287,1336425355,,,150.9156364,-33.9286204,POINT (307336.5395450287 -3756198.156933215)
1336425364,38,TT-2056,1336425364,-3756166.3265045383,307119.224124526,1336425364,,,150.9132937,-33.928293700000005,POINT (307119.224124526 -3756166.326504538)
1336425348,39,TT-2056,1336425348,-3756165.2026385968,307083.3810886165,1336425348,,,150.9129064,-33.928277,POINT (307083.3810886165 -3756165.202638597)
3626144551,40,TT-2056,3626144551,-3756160.424916218,307044.4486202984,3626144551,traffic_signals,,150.9124865,-33.9282268,POINT (307044.4486202984 -3756160.424916219)
1336425360,41,TT-2056,1336425360,-3756158.5838921536,307030.2329037181,1336425360,,,150.9123332,-33.9282076,POINT (307030.2329037181 -3756158.583892154)
1336405809,42,TT-2056,1336405809,-3756146.518357985,306948.16400234995,1336405809,,,150.9114485,-33.928083799999996,POINT (306948.1640023499 -3756146.518357985)
1336405855,43,TT-2056,1336405855,-3756144.6737513687,306932.4961114356,1336405855,,,150.9112795,-33.928064299999996,POINT (306932.4961114356 -3756144.673751369)
1336405874,44,TT-2056,1336405874,-3756143.719559906,306911.2416106528,1336405874,,,150.9110499,-33.9280518,POINT (306911.2416106528 -3756143.719559906)
2817083821,45,TT-2056,2817083821,-3756142.6046596617,306891.3433927117,2817083821,,,150.91083500000002,-33.9280381,POINT (306891.3433927117 -3756142.604659662)
2817083856,46,TT-2056,2817083856,-3756142.1919262917,306882.7336690828,2817083856,,,150.910742,-33.9280328,POINT (306882.7336690828 -3756142.191926292)
1336405866,47,TT-2056,1336405866,-3756140.432695358,306851.4371251197,1336405866,crossing,,150.910404,-33.9280112,POINT (306851.4371251197 -3756140.432695358)
1336405858,48,TT-2056,1336405858,-3756138.8010548283,306829.678610175,1336405858,,,150.9101691,-33.9279925,POINT (306829.678610175 -3756138.801054828)
1336405799,49,TT-2056,1336405799,-3756136.4031113377,306807.4142907961,1336405799,,,150.9099289,-33.92796679999999,POINT (306807.4142907962 -3756136.403111338)
36399151,50,TT-2056,36399151,-3756133.795147145,306787.83706281305,36399151,,,150.9097178,-33.9279397,POINT (306787.8370628131 -3756133.795147145)
6819043935,51,TT-2056,6819043935,-3756123.750745178,306717.2123795206,6819043935,,,150.9089564,-33.9278362,POINT (306717.2123795206 -3756123.750745178)
36399152,52,TT-2056,36399152,-3756120.5671462007,306694.8579712561,36399152,traffic_signals,,150.9087154,-33.9278034,POINT (306694.8579712561 -3756120.5671462)
1834208954,53,TT-2056,1834208954,-3756118.4029475623,306676.9267383283,1834208954,,,150.908522,-33.927780600000006,POINT (306676.9267383283 -3756118.402947563)
6819043932,54,TT-2056,6819043932,-3756111.9220009227,306630.1900318663,6819043932,,,150.9080181,-33.9277136,POINT (306630.1900318663 -3756111.922000923)
6819043926,55,TT-2056,6819043926,-3756087.746511337,306509.9250398998,6819043926,,,150.9067231,-33.927473600000006,POINT (306509.9250398998 -3756087.746511337)
272981779,56,TT-2056,272981779,-3756081.7024013167,306479.8817938875,272981779,,,150.90639960000001,-33.9274136,POINT (306479.8817938875 -3756081.702401317)
286727163,57,TT-2056,286727163,-3756067.040484648,306368.6982554456,286727163,,,150.9052007,-33.927261,POINT (306368.6982554456 -3756067.040484648)
3626149209,58,TT-2056,3626149209,-3756042.920444083,306189.9429470069,3626149209,traffic_signals,,150.9032733,-33.927010700000004,POINT (306189.9429470069 -3756042.920444083)
1834208952,59,TT-2056,1834208952,-3756040.550475829,306175.0685495409,1834208952,,,150.903113,-33.926986600000006,POINT (306175.0685495409 -3756040.550475829)
1834601098,60,TT-2056,1834601098,-3756009.812155637,305962.04799651355,1834601098,,,150.90081659999998,-33.9266703,POINT (305962.0479965135 -3756009.812155636)
2888485066,61,TT-2056,2888485066,-3756004.9483521,305933.50799212034,2888485066,traffic_signals,,150.9005091,-33.92662120000001,POINT (305933.5079921203 -3756004.9483521)
286727173,62,TT-2056,286727173,-3756001.693032474,305911.4936299825,286727173,,,150.9002718,-33.9265878,POINT (305911.4936299825 -3756001.693032474)
1834601097,63,TT-2056,1834601097,-3755998.3903456144,305891.2540783739,1834601097,,,150.90005369999997,-33.92655429999999,POINT (305891.2540783739 -3755998.390345614)
1834208965,64,TT-2056,1834208965,-3755998.096342203,305863.3347119251,1834208965,,,150.8997519,-33.9265465,POINT (305863.3347119251 -3755998.096342203)
6819043924,65,TT-2056,6819043924,-3755998.663053494,305841.6112609661,6819043924,,,150.8995169,-33.9265476,POINT (305841.6112609662 -3755998.663053493)
31879527,66,TT-2056,31879527,-3756004.799352355,305764.62832918897,31879527,traffic_signals,,150.8986832,-33.9265887,POINT (305764.628329189 -3756004.799352355)
6819043920,67,TT-2056,6819043920,-3756003.4200423257,305738.7954801563,6819043920,,,150.8984042,-33.9265715,POINT (305738.7954801563 -3756003.420042326)
2877067408,68,TT-2056,2877067408,-3756002.55364739,305722.59204798506,2877067408,,,150.8982292,-33.9265607,POINT (305722.5920479851 -3756002.55364739)
2877067407,69,TT-2056,2877067407,-3756000.9579193736,305685.66522956546,2877067407,,,150.8978303,-33.926539500000004,POINT (305685.6652295655 -3756000.957919374)
31879528,70,TT-2056,31879528,-3755999.2404252654,305660.10288004106,31879528,,,150.8975543,-33.926519299999995,POINT (305660.1028800411 -3755999.240425266)
2877095128,71,TT-2056,2877095128,-3755998.2925758213,305639.21777114144,2877095128,,,150.89732869999997,-33.92650689999999,POINT (305639.2177711414 -3755998.292575821)
1834601096,72,TT-2056,1834601096,-3755998.749706656,305621.7835693312,1834601096,,,150.89714009999997,-33.926507799999996,POINT (305621.7835693312 -3755998.749706656)
31879529,73,TT-2056,31879529,-3756002.089923798,305594.6877833213,31879529,,,150.89684640000002,-33.9265329,POINT (305594.6877833213 -3756002.089923798)
31879530,74,TT-2056,31879530,-3756008.9826633064,305563.7062744702,31879530,,,150.8965099,-33.926589299999996,POINT (305563.7062744702 -3756008.982663306)
6819043917,75,TT-2056,6819043917,-3756010.5526406486,305556.94046529016,6819043917,,,150.8964364,-33.926602200000005,POINT (305556.9404652902 -3756010.552640649)
31879531,76,TT-2056,31879531,-3756092.3286815006,305205.25322610623,31879531,,,150.89261580000002,-33.9272742,POINT (305205.2532261062 -3756092.328681501)
6819043904,77,TT-2056,6819043904,-3756100.835139036,305168.15480853035,6819043904,,,150.8922128,-33.927344,POINT (305168.1548085304 -3756100.835139036)
6819027078,78,TT-2056,6819027078,-3756106.281657216,305144.4507443132,6819027078,,,150.8919553,-33.9273887,POINT (305144.4507443132 -3756106.281657216)
36399160,79,TT-2056,36399160,-3756112.7041896908,305116.4475164661,36399160,,,150.8916511,-33.9274414,POINT (305116.4475164661 -3756112.704189691)
6819027077,80,TT-2056,6819027077,-3756116.8306170674,305087.87919435423,6819027077,,,150.89134130000002,-33.927473299999996,POINT (305087.8791943542 -3756116.830617067)
6819027075,81,TT-2056,6819027075,-3756120.1163469283,305065.12967002514,6819027075,,,150.8910946,-33.9274987,POINT (305065.1296700251 -3756120.116346928)
3626149205,82,TT-2056,3626149205,-3756124.3464783523,305035.8420965741,3626149205,traffic_signals,,150.890777,-33.9275314,POINT (305035.8420965741 -3756124.346478353)
2296927970,83,TT-2056,2296927970,-3756125.5034119966,305024.3602426997,2296927970,,,150.89065259999998,-33.927539700000004,POINT (305024.3602426997 -3756125.503411997)
176341834,84,TT-2056,176341834,-3756126.4447859437,305016.8879831313,176341834,,,150.89057160000002,-33.9275468,POINT (305016.8879831313 -3756126.444785944)
6819027071,85,TT-2056,6819027071,-3756133.4750320576,304992.2639640773,6819027071,,,150.89030380000003,-33.92760560000001,POINT (304992.2639640773 -3756133.475032058)
6819027067,86,TT-2056,6819027067,-3756135.93052441,304959.72133452946,6819027067,,,150.8899514,-33.9276217,POINT (304959.7213345295 -3756135.93052441)
5513392902,87,TT-2056,5513392902,-3756135.752319991,304917.13572779804,5513392902,,,150.889491,-33.927612200000006,POINT (304917.135727798 -3756135.752319991)
300674581,88,TT-2056,300674581,-3756135.457043541,304894.81204789394,300674581,,,150.8892497,-33.9276054,POINT (304894.8120478939 -3756135.457043541)
272983312,89,TT-2056,272983312,-3756137.608888723,304793.4697891446,272983312,traffic_signals,,150.8881535,-33.927606,POINT (304793.4697891446 -3756137.608888723)
6819027064,90,TT-2056,6819027064,-3756139.7421731683,304745.89104935434,6819027064,,,150.8876386,-33.9276164,POINT (304745.8910493543 -3756139.742173168)
300674587,91,TT-2056,300674587,-3756142.8380696336,304676.9023945491,300674587,,,150.886892,-33.9276315,POINT (304676.9023945491 -3756142.838069634)
36399168,92,TT-2056,36399168,-3756144.276685203,304596.8271374636,36399168,,,150.88602590000002,-33.9276296,POINT (304596.8271374636 -3756144.276685203)
300674590,93,TT-2056,300674590,-3756151.7088281536,304480.61960069236,300674590,,,150.88476780000002,-33.927675,POINT (304480.6196006924 -3756151.708828154)
6819027056,94,TT-2056,6819027056,-3756160.263721032,304413.8707807648,6819027056,,,150.88404419999998,-33.927739700000004,POINT (304413.8707807648 -3756160.263721032)
300674592,95,TT-2056,300674592,-3756164.6676871595,304376.2537557272,300674592,,,150.8836365,-33.9277724,POINT (304376.2537557272 -3756164.667687159)
286727548,96,TT-2056,286727548,-3756173.1105029006,304277.8714400813,286727548,traffic_signals,,150.8825709,-33.9278302,POINT (304277.8714400813 -3756173.110502901)
300674597,97,TT-2056,300674597,-3756174.5843842714,304243.5513630963,300674597,,,150.8821995,-33.927837100000005,POINT (304243.5513630963 -3756174.58438427)
300674594,98,TT-2056,300674594,-3756174.717789677,304189.79011767363,300674594,,,150.8816182,-33.9278283,POINT (304189.7901176736 -3756174.717789677)
36399170,99,TT-2056,36399170,-3756175.402469795,304100.21911691193,36399170,,,150.8806496,-33.92781779999999,POINT (304100.2191169119 -3756175.402469795)
1834208964,100,TT-2056,1834208964,-3756186.853005825,303847.9042543005,1834208964,,,150.877919,-33.927873999999996,POINT (303847.9042543005 -3756186.853005825)
600243485,101,TT-2056,600243485,-3756193.280501135,303718.4964857645,600243485,,,150.8765184,-33.9279078,POINT (303718.4964857645 -3756193.280501135)
7287839419,102,TT-2056,7287839419,-3756195.0583074605,303653.5131603423,7287839419,,,150.87581540000002,-33.9279117,POINT (303653.5131603422 -3756195.058307461)
36399173,103,TT-2056,36399173,-3756197.740118695,303593.65396507434,36399173,,,150.8751676,-33.927924700000005,POINT (303593.6539650743 -3756197.740118695)
36399175,104,TT-2056,36399175,-3756198.847862822,303544.9903996727,36399175,,,150.87464119999999,-33.9279256,POINT (303544.9903996727 -3756198.847862822)
1482662537,105,TT-2056,1482662537,-3756194.232452029,303493.56304120447,1482662537,crossing,,150.8740862,-33.9278744,POINT (303493.5630412045 -3756194.232452028)
258442371,106,TT-2056,258442371,-3756192.055824285,303478.12765715923,258442371,traffic_signals,,150.8739198,-33.9278519,POINT (303478.1276571592 -3756192.055824285)
1482662541,107,TT-2056,1482662541,-3756187.814416231,303454.17741416517,1482662541,,,150.8736618,-33.9278092,POINT (303454.1774141652 -3756187.814416231)
6673046407,108,TT-2056,6673046407,-3756186.635200303,303448.9735491043,6673046407,,,150.8736058,-33.927797600000005,POINT (303448.9735491043 -3756186.635200303)
36399177,109,TT-2056,36399177,-3756181.9424848123,303427.52964312147,36399177,,,150.873375,-33.9277513,POINT (303427.5296431215 -3756181.942484813)
1612739304,110,TT-2056,1612739304,-3756170.2995118606,303376.33559833764,1612739304,,,150.8728241,-33.927636799999995,POINT (303376.3355983376 -3756170.299511861)
1612739287,111,TT-2056,1612739287,-3756157.010295992,303320.5382526893,1612739287,,,150.8722238,-33.9275066,POINT (303320.5382526893 -3756157.010295992)
36399183,112,TT-2056,36399183,-3756141.24711548,303266.881428536,36399183,traffic_signals,,150.87164719999998,-33.9273545,POINT (303266.881428536 -3756141.24711548)
6315740820,113,TT-2056,6315740820,-3756135.9789193417,303247.5248911165,6315740820,,,150.87143909999998,-33.9273034,POINT (303247.5248911165 -3756135.978919342)
1612739324,114,TT-2056,1612739324,-3756131.6803906662,303231.7030857019,1612739324,,,150.87126899999998,-33.9272617,POINT (303231.7030857019 -3756131.680390666)
1612739310,115,TT-2056,1612739310,-3756115.4286442418,303179.69137598283,1612739310,,,150.8707103,-33.927105499999996,POINT (303179.6913759828 -3756115.428644242)
1612739307,116,TT-2056,1612739307,-3756096.872876085,303124.30196748057,1612739307,,,150.8701156,-33.926927899999995,POINT (303124.3019674806 -3756096.872876084)
1612739269,117,TT-2056,1612739269,-3756071.527395991,303058.2088429936,1612739269,,,150.86940669999998,-33.9266871,POINT (303058.2088429936 -3756071.527395991)
1612739301,118,TT-2056,1612739301,-3756050.1242318237,302997.3119977309,1612739301,,,150.8687531,-33.926482799999995,POINT (302997.3119977309 -3756050.124231824)
1612739312,119,TT-2056,1612739312,-3756036.2328909417,302950.3059342444,1612739312,,,150.868248,-33.92634879999999,POINT (302950.3059342444 -3756036.232890942)
1612739311,120,TT-2056,1612739311,-3756030.6571709,302910.0024341058,1612739311,,,150.8678135,-33.926291,POINT (302910.0024341058 -3756030.6571709)
1612739290,121,TT-2056,1612739290,-3756025.401974251,302855.88725100784,1612739290,,,150.86722959999997,-33.9262335,POINT (302855.8872510078 -3756025.401974251)
1821479171,122,TT-2056,1821479171,-3756023.0541096083,302796.96735199203,1821479171,,,150.8665931,-33.926201299999995,POINT (302796.967351992 -3756023.054109607)
528559935,123,TT-2056,528559935,-3756022.6526312456,302780.52318659873,528559935,,,150.86641540000002,-33.9261946,POINT (302780.5231865987 -3756022.652631246)
6315870005,124,TT-2056,6315870005,-3756023.2255352614,302741.2352652439,6315870005,,,150.8659905,-33.9261924,POINT (302741.2352652439 -3756023.225535261)
6315870006,125,TT-2056,6315870006,-3756025.139154008,302702.57642114785,6315870006,,,150.86557209999998,-33.9262024,POINT (302702.5764211479 -3756025.139154008)
1612739309,126,TT-2056,1612739309,-3756028.537387127,302669.895701867,1612739309,,,150.865218,-33.926226899999996,POINT (302669.8957018671 -3756028.537387127)
1612739323,127,TT-2056,1612739323,-3756038.2343754764,302595.798684645,1612739323,,,150.8644147,-33.926300399999995,POINT (302595.798684645 -3756038.234375476)
4180902526,128,TT-2056,4180902526,-3756051.722413895,302490.4629431175,4180902526,,,150.8632728,-33.926402200000005,POINT (302490.4629431175 -3756051.722413895)
1612739314,129,TT-2056,1612739314,-3756058.6514968933,302420.9423527149,1612739314,,,150.8625196,-33.9264516,POINT (302420.9423527149 -3756058.651496893)
4180902530,130,TT-2056,4180902530,-3756060.2038052687,302405.5470408014,4180902530,,,150.86235280000002,-33.9264627,POINT (302405.5470408014 -3756060.203805269)
4180902529,131,TT-2056,4180902529,-3756066.605902812,302360.8126136395,4180902529,,,150.8618677,-33.926512,POINT (302360.8126136395 -3756066.605902812)
1612739325,132,TT-2056,1612739325,-3756080.0618920913,302235.32265213673,1612739325,,,150.86050790000002,-33.9266097,POINT (302235.3226521367 -3756080.061892091)
1821479239,133,TT-2056,1821479239,-3756083.9963071486,302172.22350887593,1821479239,,,150.8598248,-33.9266333,POINT (302172.2235088759 -3756083.996307149)
1612739321,134,TT-2056,1612739321,-3756085.270675423,302149.95954858675,1612739321,,,150.85958380000002,-33.9266406,POINT (302149.9595485867 -3756085.270675423)
1612739313,135,TT-2056,1612739313,-3756085.68543123,302116.78211033513,1612739313,,,150.859225,-33.9266381,POINT (302116.7821103351 -3756085.68543123)
3914290997,136,TT-2056,3914290997,-3756086.250232528,302092.9032340473,3914290997,,,150.8589667,-33.926638700000005,POINT (302092.9032340472 -3756086.250232528)
1612739315,137,TT-2056,1612739315,-3756088.099435245,302009.61583379627,1612739315,,,150.8580658,-33.9266397,POINT (302009.6158337963 -3756088.099435245)
1612739318,138,TT-2056,1612739318,-3756085.1974671762,301956.7608085666,1612739318,,,150.857495,-33.9266036,POINT (301956.7608085666 -3756085.197467176)
290285915,139,TT-2056,290285915,-3756081.545105391,301912.22359284875,290285915,,,150.8570143,-33.92656229999999,POINT (301912.2235928487 -3756081.545105391)
1612739308,140,TT-2056,1612739308,-3756067.605243878,301793.97701961675,1612739308,,,150.855739,-33.9264144,POINT (301793.9770196168 -3756067.605243878)
1612739279,141,TT-2056,1612739279,-3756054.1628033463,301708.2607621191,1612739279,,,150.8548153,-33.9262771,POINT (301708.2607621191 -3756054.162803347)
1612739273,142,TT-2056,1612739273,-3756029.797151174,301585.1705894434,1612739273,,,150.85349,-33.9260343,POINT (301585.1705894434 -3756029.797151174)
1612739292,143,TT-2056,1612739292,-3755967.8452952285,301344.78788147203,1612739292,,,150.8509051,-33.925430600000006,POINT (301344.787881472 -3755967.845295229)
1612739278,144,TT-2056,1612739278,-3755953.4240503376,301287.9720824695,1612739278,,,150.85029409999999,-33.925289899999996,POINT (301287.9720824695 -3755953.424050338)
1612739306,145,TT-2056,1612739306,-3755939.686537623,301234.01922899013,1612739306,,,150.84971389999998,-33.9251559,POINT (301234.0192289901 -3755939.686537622)
1612739294,146,TT-2056,1612739294,-3755919.9447427937,301185.98021684936,1612739294,,,150.849199,-33.9249689,POINT (301185.9802168494 -3755919.944742794)
1847391138,147,TT-2056,1847391138,-3755907.606245085,301161.64529196784,1847391138,,,150.8489387,-33.9248531,POINT (301161.6452919678 -3755907.606245085)
1612739317,148,TT-2056,1612739317,-3755902.4070177283,301151.3711540022,1612739317,,,150.8488288,-33.9248043,POINT (301151.3711540022 -3755902.407017727)
1821430194,149,TT-2056,1821430194,-3755889.379282422,301127.6321474132,1821430194,traffic_signals,,150.8485751,-33.924682399999995,POINT (301127.6321474132 -3755889.379282422)
1836850100,150,TT-2056,1836850100,-3755883.908956968,301118.64721070806,1836850100,,,150.84847919999999,-33.9246314,POINT (301118.6472107081 -3755883.908956968)
1836850098,151,TT-2056,1836850098,-3755875.4109592764,301105.36251570703,1836850098,,,150.8483375,-33.9245523,POINT (301105.362515707 -3755875.410959276)
1836850094,152,TT-2056,1836850094,-3755855.821004541,301112.5455819699,1836850094,,,150.8484196,-33.9243771,POINT (301112.5455819699 -3755855.821004541)
1836850094,153,TT-2056,1836850094,-3755855.821004541,301112.5455819699,1836850094,,,150.8484196,-33.9243771,POINT (301112.5455819699 -3755855.821004541)
1836850096,154,TT-2056,1836850096,-3755864.389392169,301125.11956050154,1836850096,,,150.84855359999997,-33.92445670000001,POINT (301125.1195605015 -3755864.38939217)
1836850100,155,TT-2056,1836850100,-3755883.908956968,301118.64721070806,1836850100,,,150.84847919999999,-33.9246314,POINT (301118.6472107081 -3755883.908956968)
1836850098,156,TT-2056,1836850098,-3755875.4109592764,301105.36251570703,1836850098,,,150.8483375,-33.9245523,POINT (301105.362515707 -3755875.410959276)
1821430243,157,TT-2056,1821430243,-3755869.82602395,301096.0236679709,1821430243,,,150.8482378,-33.924500200000004,POINT (301096.0236679709 -3755869.82602395)
1847391085,158,TT-2056,1847391085,-3755863.2480202927,301086.95071793266,1847391085,,,150.8481412,-33.9244392,POINT (301086.9507179327 -3755863.248020293)
1847391079,159,TT-2056,1847391079,-3755836.4008653,301051.3135302835,1847391079,,,150.84776200000002,-33.9241905,POINT (301051.3135302835 -3755836.4008653)
1847391057,160,TT-2056,1847391057,-3755763.063372975,300956.4561440015,1847391057,,,150.8467531,-33.923511600000005,POINT (300956.4561440015 -3755763.063372975)
1847391052,161,TT-2056,1847391052,-3755738.643495776,300919.3799451321,1847391052,,,150.84635780000002,-33.923284499999994,POINT (300919.3799451321 -3755738.643495776)
1847391045,162,TT-2056,1847391045,-3755730.5752371037,300903.606472738,1847391045,,,150.84618909999998,-33.9232088,POINT (300903.606472738 -3755730.575237104)
300674612,163,TT-2056,300674612,-3755718.976646935,300879.99840954685,300674612,,,150.8459365,-33.923099799999996,POINT (300879.9984095469 -3755718.976646935)
300674608,164,TT-2056,300674608,-3755715.594062829,300855.0828237316,300674608,,,150.8456679,-33.923064600000004,POINT (300855.0828237316 -3755715.594062828)
3696362372,165,TT-2056,3696362372,-3755680.4444555324,300615.7580478408,3696362372,,,150.8430885,-33.9227025,POINT (300615.7580478408 -3755680.444455532)
1847391041,166,TT-2056,1847391041,-3755675.814414711,300584.2394320349,1847391041,,,150.8427488,-33.9226548,POINT (300584.2394320349 -3755675.814414711)
3696362371,167,TT-2056,3696362371,-3755668.7237715325,300534.6598141513,3696362371,,,150.84221440000002,-33.9225815,POINT (300534.6598141513 -3755668.723771533)
1847391012,168,TT-2056,1847391012,-3755639.983956958,300333.8257483117,1847391012,,,150.8400497,-33.922284399999995,POINT (300333.8257483117 -3755639.983956958)
1847391014,169,TT-2056,1847391014,-3755640.763805813,300333.6756667813,1847391014,,,150.8400479,-33.9222914,POINT (300333.6756667813 -3755640.763805813)
1847391016,170,TT-2056,1847391016,-3755641.523030206,300333.4511529664,1847391016,,,150.8400453,-33.9222982,POINT (300333.4511529664 -3755641.523030206)
1847391018,171,TT-2056,1847391018,-3755642.261824749,300333.1429611944,1847391018,,,150.8400418,-33.92230479999999,POINT (300333.1429611944 -3755642.261824748)
1847391020,172,TT-2056,1847391020,-3755642.968514975,300332.77859508584,1847391020,,,150.84003769999998,-33.9223111,POINT (300332.7785950858 -3755642.968514975)
1847391022,173,TT-2056,1847391022,-3755643.632594052,300332.3300841673,1847391022,,,150.8400327,-33.922317,POINT (300332.3300841673 -3755643.632594052)
1847391024,174,TT-2056,1847391024,-3755644.253283568,300331.83441116475,1847391024,,,150.84002719999998,-33.9223225,POINT (300331.8344111647 -3755644.253283568)
1847391026,175,TT-2056,1847391026,-3755644.8198820837,300331.2728512788,1847391026,,,150.840021,-33.9223275,POINT (300331.2728512788 -3755644.819882084)
1847391028,176,TT-2056,1847391028,-3755645.332195007,300330.6546501864,1847391028,,,150.8400142,-33.922332,POINT (300330.6546501864 -3755645.332195007)
1847391030,177,TT-2056,1847391030,-3755645.7789370795,300329.98882011656,1847391030,,,150.84000690000002,-33.9223359,POINT (300329.9888201166 -3755645.778937079)
1847391032,178,TT-2056,1847391032,-3755646.159719092,300329.2938524164,1847391032,,,150.8399993,-33.9223392,POINT (300329.2938524163 -3755646.159719092)
1847391034,179,TT-2056,1847391034,-3755646.463839614,300328.5510222726,1847391034,,,150.8399912,-33.9223418,POINT (300328.5510222726 -3755646.463839614)
1847391036,180,TT-2056,1847391036,-3755646.7018054808,300327.78830014484,1847391036,,,150.83998290000002,-33.92234379999999,POINT (300327.7883001448 -3755646.701805481)
1847391038,181,TT-2056,1847391038,-3755646.8625260363,300327.00545257033,1847391038,,,150.8399744,-33.9223451,POINT (300327.0054525703 -3755646.862526036)
1847391040,182,TT-2056,1847391040,-3755646.9458066737,300326.2117252025,1847391040,,,150.83996580000002,-33.92234570000001,POINT (300326.2117252025 -3755646.945806674)
1847391039,183,TT-2056,1847391039,-3755646.951647394,300325.407118027,1847391039,,,150.8399571,-33.9223456,POINT (300325.407118027 -3755646.951647393)
1847391037,184,TT-2056,1847391037,-3755646.879658968,300324.6101223711,1847391037,,,150.83994850000002,-33.9223448,POINT (300324.6101223711 -3755646.879658968)
1847391035,185,TT-2056,1847391035,-3755646.7296467805,300323.82998389355,1847391035,,,150.83994009999998,-33.922343299999994,POINT (300323.8299838935 -3755646.729646781)
1847391033,186,TT-2056,1847391033,-3755646.501610824,300323.06670257164,1847391033,,,150.8399319,-33.922341100000004,POINT (300323.0667025716 -3755646.501610824)
1847391031,187,TT-2056,1847391031,-3755646.2066417523,300322.32051184354,1847391031,,,150.8399239,-33.9223383,POINT (300322.3205118435 -3755646.206641753)
1847391029,188,TT-2056,1847391029,-3755645.8332596687,300321.60966959485,1847391029,,,150.83991630000003,-33.9223348,POINT (300321.6096695949 -3755645.833259669)
1847391027,189,TT-2056,1847391027,-3755645.3923606025,300320.94365494646,1847391027,,,150.8399092,-33.9223307,POINT (300320.9436549465 -3755645.392360603)
1847391025,190,TT-2056,1847391025,-3755644.8950352017,300320.32270134497,1847391025,,,150.8399026,-33.9223261,POINT (300320.322701345 -3755644.895035202)
1847391023,191,TT-2056,1847391023,-3755644.341088837,300319.75605446985,1847391023,,,150.8398966,-33.922321000000004,POINT (300319.7560544698 -3755644.341088837)
1847391021,192,TT-2056,1847391021,-3755643.7305215006,300319.243714315,1847391021,,,150.83989119999998,-33.922315399999995,POINT (300319.243714315 -3755643.730521501)
1847391019,193,TT-2056,1847391019,-3755643.063138562,300318.7949265669,1847391019,,,150.8398865,-33.9223093,POINT (300318.7949265669 -3755643.063138562)
1847391017,194,TT-2056,1847391017,-3755642.372211984,300318.4103916016,1847391017,,,150.8398825,-33.922303,POINT (300318.4103916016 -3755642.372211984)
1847391015,195,TT-2056,1847391015,-3755641.635365826,300318.09888820164,1847391015,,,150.8398793,-33.9222963,POINT (300318.0988882016 -3755641.635365827)
1847391013,196,TT-2056,1847391013,-3755640.874781395,300317.8608832912,1847391013,,,150.8398769,-33.9222894,POINT (300317.8608832912 -3755640.874781395)
1847391011,197,TT-2056,1847391011,-3755640.090264064,300317.7056225713,1847391011,,,150.83987539999998,-33.9222823,POINT (300317.7056225713 -3755640.090264064)
1847391009,198,TT-2056,1847391009,-3755639.304384387,300317.61508160987,1847391009,,,150.8398746,-33.9222752,POINT (300317.6150816099 -3755639.304384387)
1847391007,199,TT-2056,1847391007,-3755638.505467842,300317.61676401825,1847391007,,,150.83987480000002,-33.922268,POINT (300317.6167640183 -3755638.505467842)
1847391004,200,TT-2056,1847391004,-3755637.7162796077,300317.6833996825,1847391004,,,150.8398757,-33.9222609,POINT (300317.6833996825 -3755637.716279607)
1847460572,201,TT-2056,1847460572,-3755613.92465863,300150.7877291621,1847460572,,,150.8380768,-33.9220148,POINT (300150.7877291621 -3755613.92465863)
300674616,202,TT-2056,300674616,-3755571.744302755,299854.7726689877,300674616,,,150.8348862,-33.9215784,POINT (299854.7726689877 -3755571.744302755)
3759598246,203,TT-2056,3759598246,-3755557.729925492,299759.1104886795,3759598246,,,150.8338552,-33.9214339,POINT (299759.1104886795 -3755557.729925492)
1847460558,204,TT-2056,1847460558,-3755536.1122419713,299611.61721558205,1847460558,,,150.8322656,-33.921211,POINT (299611.6172155821 -3755536.112241971)
34142865,205,TT-2056,34142865,-3755502.791473725,299377.5085228595,34142865,,,150.82974230000002,-33.920866100000005,POINT (299377.5085228595 -3755502.791473725)
2287554889,206,TT-2056,2287554889,-3755499.383729345,299355.0144601383,2287554889,,,150.8294999,-33.9208311,POINT (299355.0144601383 -3755499.383729345)
2287554887,207,TT-2056,2287554887,-3755496.599536737,299337.1400682848,2287554887,,,150.8293073,-33.9208026,POINT (299337.1400682848 -3755496.599536736)
2296475295,208,TT-2056,2296475295,-3755490.528043437,299300.0023487943,2296475295,,,150.8289072,-33.9207408,POINT (299300.0023487943 -3755490.528043437)
161167259,209,TT-2056,161167259,-3755488.7607644433,299287.5606901461,161167259,,,150.82877309999998,-33.9207225,POINT (299287.5606901461 -3755488.760764443)
290325904,210,TT-2056,290325904,-3755349.053242933,298319.74495095876,290325904,,,150.8183424,-33.919278399999996,POINT (298319.7449509588 -3755349.053242933)
34142873,211,TT-2056,34142873,-3755302.2601169273,298001.19683023856,34142873,,,150.8149095,-33.9187956,POINT (298001.1968302386 -3755302.260116927)
6557095877,212,TT-2056,6557095877,-3755225.677458549,297481.2290106873,6557095877,,,150.8093061,-33.9180055,POINT (297481.2290106873 -3755225.677458549)
34142876,213,TT-2056,34142876,-3755220.124731829,297436.23661619675,34142876,,,150.808821,-33.9179468,POINT (297436.2366161968 -3755220.124731828)
6557095875,214,TT-2056,6557095875,-3755219.7400931194,297432.9444981478,6557095875,,,150.8087855,-33.917942700000005,POINT (297432.9444981478 -3755219.740093119)
6557095855,1,TT_r-2056,6557095855,-3755210.3484726795,297424.84409661783,6557095855,,,150.80870009999998,-33.9178565,POINT (297424.8440966178 -3755210.348472679)
6557095865,2,TT_r-2056,6557095865,-3755211.035484649,297427.4858926983,6557095865,,,150.8087285,-33.917863200000006,POINT (297427.4858926983 -3755211.035484649)
6557095866,3,TT_r-2056,6557095866,-3755212.4728811467,297429.80144330906,6557095866,,,150.80875319999998,-33.9178766,POINT (297429.8014433091 -3755212.472881147)
6557095867,4,TT_r-2056,6557095867,-3755214.543204363,297431.57548005553,6557095867,,,150.8087719,-33.9178956,POINT (297431.5754800555 -3755214.543204363)
6557095868,5,TT_r-2056,6557095868,-3755217.038888624,297432.65556423925,6557095868,,,150.808783,-33.9179183,POINT (297432.6555642392 -3755217.038888624)
6557095875,6,TT_r-2056,6557095875,-3755219.7400931194,297432.9444981478,6557095875,,,150.8087855,-33.917942700000005,POINT (297432.9444981478 -3755219.740093119)
34142876,7,TT_r-2056,34142876,-3755220.124731829,297436.23661619675,34142876,,,150.808821,-33.9179468,POINT (297436.2366161968 -3755220.124731828)
6557095877,8,TT_r-2056,6557095877,-3755225.677458549,297481.2290106873,6557095877,,,150.8093061,-33.9180055,POINT (297481.2290106873 -3755225.677458549)
34142873,9,TT_r-2056,34142873,-3755302.2601169273,298001.19683023856,34142873,,,150.8149095,-33.9187956,POINT (298001.1968302386 -3755302.260116927)
290325904,10,TT_r-2056,290325904,-3755349.053242933,298319.74495095876,290325904,,,150.8183424,-33.919278399999996,POINT (298319.7449509588 -3755349.053242933)
161167259,11,TT_r-2056,161167259,-3755488.7607644433,299287.5606901461,161167259,,,150.82877309999998,-33.9207225,POINT (299287.5606901461 -3755488.760764443)
2296475295,12,TT_r-2056,2296475295,-3755490.528043437,299300.0023487943,2296475295,,,150.8289072,-33.9207408,POINT (299300.0023487943 -3755490.528043437)
2287554887,13,TT_r-2056,2287554887,-3755496.599536737,299337.1400682848,2287554887,,,150.8293073,-33.9208026,POINT (299337.1400682848 -3755496.599536736)
2287554889,14,TT_r-2056,2287554889,-3755499.383729345,299355.0144601383,2287554889,,,150.8294999,-33.9208311,POINT (299355.0144601383 -3755499.383729345)
34142865,15,TT_r-2056,34142865,-3755502.791473725,299377.5085228595,34142865,,,150.82974230000002,-33.920866100000005,POINT (299377.5085228595 -3755502.791473725)
1847460558,16,TT_r-2056,1847460558,-3755536.1122419713,299611.61721558205,1847460558,,,150.8322656,-33.921211,POINT (299611.6172155821 -3755536.112241971)
3759598246,17,TT_r-2056,3759598246,-3755557.729925492,299759.1104886795,3759598246,,,150.8338552,-33.9214339,POINT (299759.1104886795 -3755557.729925492)
300674616,18,TT_r-2056,300674616,-3755571.744302755,299854.7726689877,300674616,,,150.8348862,-33.9215784,POINT (299854.7726689877 -3755571.744302755)
1847460572,19,TT_r-2056,1847460572,-3755613.92465863,300150.7877291621,1847460572,,,150.8380768,-33.9220148,POINT (300150.7877291621 -3755613.92465863)
1847391004,20,TT_r-2056,1847391004,-3755637.7162796077,300317.6833996825,1847391004,,,150.8398757,-33.9222609,POINT (300317.6833996825 -3755637.716279607)
1847391002,21,TT_r-2056,1847391002,-3755636.9364304435,300317.83347998554,1847391002,,,150.8398775,-33.9222539,POINT (300317.8334799855 -3755636.936430444)
1847391000,22,TT_r-2056,1847391000,-3755636.1659203563,300318.06700495165,1847391000,,,150.83988019999998,-33.922247,POINT (300318.0670049516 -3755636.165920356)
1847390996,23,TT_r-2056,1847390996,-3755635.427319904,300318.3659501358,1847390996,,,150.83988359999998,-33.9222404,POINT (300318.3659501358 -3755635.427319904)
1847390992,24,TT_r-2056,1847390992,-3755634.7204344776,300318.7395612384,1847390992,,,150.8398878,-33.922234100000004,POINT (300318.7395612384 -3755634.720434478)
1847390979,25,TT_r-2056,1847390979,-3755634.0565493586,300319.17882603663,1847390979,,,150.83989269999998,-33.9222282,POINT (300319.1788260366 -3755634.056549359)
1847390977,26,TT_r-2056,1847390977,-3755633.446755217,300319.6839779895,1847390977,,,150.8398983,-33.92222279999999,POINT (300319.6839779895 -3755633.446755217)
1847390975,27,TT_r-2056,1847390975,-3755632.880156023,300320.2455379658,1847390975,,,150.8399045,-33.9222178,POINT (300320.2455379658 -3755632.880156023)
1847390973,28,TT_r-2056,1847390973,-3755632.368037063,300320.8544937213,1847390973,,,150.8399112,-33.922213299999996,POINT (300320.8544937213 -3755632.368037063)
1847390971,29,TT_r-2056,1847390971,-3755631.92129438,300321.52032440115,1847390971,,,150.8399185,-33.9222094,POINT (300321.5203244011 -3755631.92129438)
1847390969,30,TT_r-2056,1847390969,-3755631.540317223,300322.2245386133,1847390969,,,150.83992619999998,-33.9222061,POINT (300322.2245386133 -3755631.540317223)
1847390967,31,TT_r-2056,1847390967,-3755631.225300216,300322.9578906537,1847390967,,,150.8399342,-33.9222034,POINT (300322.9578906537 -3755631.225300216)
1847390965,32,TT_r-2056,1847390965,-3755630.9984246762,300323.7208474162,1847390965,,,150.8399425,-33.9222015,POINT (300323.7208474162 -3755630.998424676)
1847390963,33,TT_r-2056,1847390963,-3755630.837703911,300324.50369628466,1847390963,,,150.839951,-33.922200200000006,POINT (300324.5036962847 -3755630.837703911)
1847390961,34,TT_r-2056,1847390961,-3755630.7433325374,300325.2971915525,1847390961,,,150.8399596,-33.9221995,POINT (300325.2971915525 -3755630.743332537)
1847390962,35,TT_r-2056,1847390962,-3755630.7485825294,300326.10203355184,1847390962,,,150.8399683,-33.9221997,POINT (300326.1020335518 -3755630.748582529)
1847390964,36,TT_r-2056,1847390964,-3755630.820571141,300326.89903053263,1847390964,,,150.8399769,-33.9222005,POINT (300326.8990305326 -3755630.820571141)
1847390966,37,TT_r-2056,1847390966,-3755630.970583637,300327.67917022854,1847390966,,,150.83998530000002,-33.922202,POINT (300327.6791702285 -3755630.970583637)
1847390968,38,TT_r-2056,1847390968,-3755631.187334744,300328.4514648772,1847390968,,,150.83999359999999,-33.9222041,POINT (300328.4514648772 -3755631.187334744)
1847390970,39,TT_r-2056,1847390970,-3755631.493589604,300329.1886442717,1847390970,,,150.8400015,-33.922207,POINT (300329.1886442717 -3755631.493589604)
1847390972,40,TT_r-2056,1847390972,-3755631.866972284,300329.8994872067,1847390972,,,150.8400091,-33.9222105,POINT (300329.8994872067 -3755631.866972283)
1847390974,41,TT_r-2056,1847390974,-3755632.2967813383,300330.5652688469,1847390974,,,150.84001619999998,-33.9222145,POINT (300330.5652688469 -3755632.296781339)
1847390976,42,TT_r-2056,1847390976,-3755632.8051980687,300331.186456073,1847390976,,,150.8400228,-33.9222192,POINT (300331.186456073 -3755632.805198069)
1847390978,43,TT_r-2056,1847390978,-3755633.358950502,300331.7623485512,1847390978,,,150.84002890000002,-33.922224299999996,POINT (300331.7623485512 -3755633.358950502)
1847390980,44,TT_r-2056,1847390980,-3755633.9697130993,300332.2654426662,1847390980,,,150.8400342,-33.9222299,POINT (300332.2654426662 -3755633.969713099)
1847390994,45,TT_r-2056,1847390994,-3755634.626005985,300332.7139963599,1847390994,,,150.8400389,-33.9222359,POINT (300332.7139963599 -3755634.626005985)
1847390998,46,TT_r-2056,1847390998,-3755635.328023757,300333.09876394604,1847390998,,,150.84004290000001,-33.92224229999999,POINT (300333.098763946 -3755635.328023757)
1847391001,47,TT_r-2056,1847391001,-3755636.064870357,300333.410266315,1847391001,,,150.8400461,-33.922249,POINT (300333.410266315 -3755636.064870357)
1847391003,48,TT_r-2056,1847391003,-3755636.8254551226,300333.64827004034,1847391003,,,150.84004850000002,-33.9222559,POINT (300333.6482700403 -3755636.825455123)
1847391005,49,TT_r-2056,1847391005,-3755637.59868739,300333.81254170265,1847391005,,,150.84005009999998,-33.92226289999999,POINT (300333.8125417026 -3755637.59868739)
1847391008,50,TT_r-2056,1847391008,-3755638.3958524186,300333.89406907087,1847391008,,,150.84005080000003,-33.9222701,POINT (300333.8940690709 -3755638.395852419)
1847391010,51,TT_r-2056,1847391010,-3755639.194574292,300333.90163097513,1847391010,,,150.8400507,-33.9222773,POINT (300333.9016309751 -3755639.194574292)
1847391012,52,TT_r-2056,1847391012,-3755639.983956958,300333.8257483117,1847391012,,,150.8400497,-33.922284399999995,POINT (300333.8257483117 -3755639.983956958)
3696362371,53,TT_r-2056,3696362371,-3755668.7237715325,300534.6598141513,3696362371,,,150.84221440000002,-33.9225815,POINT (300534.6598141513 -3755668.723771533)
1847391041,54,TT_r-2056,1847391041,-3755675.814414711,300584.2394320349,1847391041,,,150.8427488,-33.9226548,POINT (300584.2394320349 -3755675.814414711)
3696362372,55,TT_r-2056,3696362372,-3755680.4444555324,300615.7580478408,3696362372,,,150.8430885,-33.9227025,POINT (300615.7580478408 -3755680.444455532)
300674608,56,TT_r-2056,300674608,-3755715.594062829,300855.0828237316,300674608,,,150.8456679,-33.923064600000004,POINT (300855.0828237316 -3755715.594062828)
300674612,57,TT_r-2056,300674612,-3755718.976646935,300879.99840954685,300674612,,,150.8459365,-33.923099799999996,POINT (300879.9984095469 -3755718.976646935)
1847391044,58,TT_r-2056,1847391044,-3755723.661811265,300905.76452994545,1847391044,,,150.846214,-33.9231469,POINT (300905.7645299454 -3755723.661811265)
1847391050,59,TT_r-2056,1847391050,-3755735.653205074,300940.79483492905,1847391050,,,150.84659,-33.923261600000004,POINT (300940.7948349291 -3755735.653205074)
1847391055,60,TT_r-2056,1847391055,-3755751.2853237344,300972.0628391232,1847391055,,,150.8469245,-33.9234084,POINT (300972.0628391231 -3755751.285323734)
1847406749,61,TT_r-2056,1847406749,-3755753.018346177,300974.6058460165,1847406749,,,150.84695159999998,-33.9234245,POINT (300974.6058460166 -3755753.018346177)
1847391059,62,TT_r-2056,1847391059,-3755772.7625014624,301003.4441054415,1847391059,,,150.8472589,-33.9236079,POINT (301003.4441054415 -3755772.762501462)
1847391073,63,TT_r-2056,1847391073,-3755828.4841388105,301075.9177290475,1847391073,,,150.8480298,-33.9241238,POINT (301075.9177290475 -3755828.484138811)
1821430349,64,TT_r-2056,1821430349,-3755849.3984075636,301102.93941949285,1821430349,traffic_signals,,150.84831719999997,-33.9243174,POINT (301102.9394194928 -3755849.398407564)
1836850094,65,TT_r-2056,1836850094,-3755855.821004541,301112.5455819699,1836850094,,,150.8484196,-33.9243771,POINT (301112.5455819699 -3755855.821004541)
1836850096,66,TT_r-2056,1836850096,-3755864.389392169,301125.11956050154,1836850096,,,150.84855359999997,-33.92445670000001,POINT (301125.1195605015 -3755864.38939217)
1836850100,67,TT_r-2056,1836850100,-3755883.908956968,301118.64721070806,1836850100,,,150.84847919999999,-33.9246314,POINT (301118.6472107081 -3755883.908956968)
1836850098,68,TT_r-2056,1836850098,-3755875.4109592764,301105.36251570703,1836850098,,,150.8483375,-33.9245523,POINT (301105.362515707 -3755875.410959276)
1836850098,69,TT_r-2056,1836850098,-3755875.4109592764,301105.36251570703,1836850098,,,150.8483375,-33.9245523,POINT (301105.362515707 -3755875.410959276)
1836850094,70,TT_r-2056,1836850094,-3755855.821004541,301112.5455819699,1836850094,,,150.8484196,-33.9243771,POINT (301112.5455819699 -3755855.821004541)
1836850096,71,TT_r-2056,1836850096,-3755864.389392169,301125.11956050154,1836850096,,,150.84855359999997,-33.92445670000001,POINT (301125.1195605015 -3755864.38939217)
1821430198,72,TT_r-2056,1821430198,-3755870.261852732,301133.44697850087,1821430198,,,150.84864230000002,-33.924511200000005,POINT (301133.4469785009 -3755870.261852731)
1847391094,73,TT_r-2056,1847391094,-3755875.444308384,301143.4618241475,1847391094,,,150.8487494,-33.9245598,POINT (301143.4618241475 -3755875.444308384)
1612739283,74,TT_r-2056,1612739283,-3755891.580447355,301175.0632929307,1612739283,,,150.8490874,-33.924711200000004,POINT (301175.0632929307 -3755891.580447355)
1612739274,75,TT_r-2056,1612739274,-3755906.647076755,301210.58249516186,1612739274,,,150.849468,-33.9248537,POINT (301210.5824951619 -3755906.647076755)
1612739271,76,TT_r-2056,1612739271,-3755921.9842211218,301253.849011628,1612739271,,,150.8499323,-33.9250001,POINT (301253.849011628 -3755921.984221122)
1612739281,77,TT_r-2056,1612739281,-3755940.165626792,301325.0156550312,1612739281,,,150.8506976,-33.925177399999995,POINT (301325.0156550312 -3755940.165626792)
1612739300,78,TT_r-2056,1612739300,-3755982.131084715,301476.9920904108,1612739300,,,150.85233119999998,-33.9255843,POINT (301476.9920904108 -3755982.131084715)
697124279,79,TT_r-2056,697124279,-3756014.767532023,301595.0211684077,697124279,,,150.8535999,-33.92590070000001,POINT (301595.0211684078 -3756014.767532023)
1612739297,80,TT_r-2056,1612739297,-3756048.8985250467,301772.72902803303,1612739297,,,150.8555135,-33.92624179999999,POINT (301772.729028033 -3756048.898525047)
1612739316,81,TT_r-2056,1612739316,-3756064.154215104,301917.742892674,1612739316,,,150.8570779,-33.9264066,POINT (301917.742892674 -3756064.154215104)
1612739303,82,TT_r-2056,1612739303,-3756069.5545541937,302003.4479527796,1612739303,,,150.8580033,-33.9264714,POINT (302003.4479527796 -3756069.554554194)
1612739326,83,TT_r-2056,1612739326,-3756069.321861784,302037.4524572954,1612739326,,,150.858371,-33.926475700000005,POINT (302037.4524572954 -3756069.321861784)
1612739289,84,TT_r-2056,1612739289,-3756067.908385885,302092.95522512717,1612739289,,,150.8589714,-33.9264734,POINT (302092.9552251272 -3756067.908385885)
245839405,85,TT_r-2056,245839405,-3756065.7929839995,302156.5918897676,245839405,,,150.85965990000003,-33.926466299999994,POINT (302156.5918897676 -3756065.792984)
1821479158,86,TT_r-2056,1821479158,-3756064.267219469,302179.7385758389,1821479158,,,150.8599105,-33.9264569,POINT (302179.7385758389 -3756064.267219469)
1612739319,87,TT_r-2056,1612739319,-3756062.873933692,302214.6252679292,1612739319,,,150.860288,-33.9264509,POINT (302214.6252679292 -3756062.873933692)
1612739285,88,TT_r-2056,1612739285,-3756056.1623036964,302281.6253097212,1612739285,,,150.8610139,-33.926403,POINT (302281.6253097212 -3756056.162303696)
4180902527,89,TT_r-2056,4180902527,-3756045.8536024205,302354.6086779182,4180902527,,,150.86180530000001,-33.9263238,POINT (302354.6086779182 -3756045.853602421)
4180902528,90,TT_r-2056,4180902528,-3756041.635284817,302399.97139823594,4180902528,,,150.8622967,-33.926294299999995,POINT (302399.9713982359 -3756041.635284817)
36399611,91,TT_r-2056,36399611,-3756039.348100212,302415.4901697291,36399611,,,150.862465,-33.9262766,POINT (302415.4901697291 -3756039.348100211)
1612739322,92,TT_r-2056,1612739322,-3756014.95775812,302650.6430445004,1612739322,,,150.86501289999998,-33.926100899999994,POINT (302650.6430445004 -3756014.95775812)
1838078706,93,TT_r-2056,1838078706,-3756001.9495019694,302778.8810564081,1838078706,,,150.8664023,-33.92600770000001,POINT (302778.8810564081 -3756001.94950197)
1821479155,94,TT_r-2056,1821479155,-3756002.5868582292,302797.8551972597,1821479155,,,150.8666073,-33.926017,POINT (302797.8551972597 -3756002.58685823)
1612739320,95,TT_r-2056,1612739320,-3756004.575221501,302832.96954016364,1612739320,,,150.8669865,-33.9260415,POINT (302832.9695401636 -3756004.575221501)
1612739276,96,TT_r-2056,1612739276,-3756010.3315827963,302891.79387241026,1612739276,,,150.86762119999997,-33.9261044,POINT (302891.7938724103 -3756010.331582796)
1612739295,97,TT_r-2056,1612739295,-3756022.2148526087,302957.46954394673,1612739295,,,150.86832859999998,-33.926223799999995,POINT (302957.4695439467 -3756022.214852609)
1612739305,98,TT_r-2056,1612739305,-3756038.5099741886,303009.473887808,1612739305,,,150.8688872,-33.9263804,POINT (303009.473887808 -3756038.509974189)
286719396,99,TT_r-2056,286719396,-3756065.1909784814,303087.6467359201,286719396,,,150.8697264,-33.926635499999996,POINT (303087.6467359201 -3756065.190978481)
2130213875,100,TT_r-2056,2130213875,-3756103.218587095,303209.34952441475,2130213875,traffic_signals,,150.87103369999997,-33.927001000000004,POINT (303209.3495244147 -3756103.218587094)
6315740819,101,TT_r-2056,6315740819,-3756116.566753714,303253.71677314397,6315740819,,,150.8715104,-33.9271296,POINT (303253.716773144 -3756116.566753714)
36399622,102,TT_r-2056,36399622,-3756121.798558842,303271.0840426418,36399622,traffic_signals,,150.87169699999998,-33.92718,POINT (303271.0840426418 -3756121.798558841)
36399624,103,TT_r-2056,36399624,-3756149.2373608514,303375.95444464136,36399624,,,150.8728247,-33.9274469,POINT (303375.9544446414 -3756149.237360851)
36399626,104,TT_r-2056,36399626,-3756163.5964095546,303440.10725254845,36399626,,,150.8735151,-33.9275883,POINT (303440.1072525484 -3756163.596409555)
1857106472,105,TT_r-2056,1857106472,-3756169.4167831913,303470.8512988622,1857106472,,,150.87384619999997,-33.9276465,POINT (303470.8512988622 -3756169.416783191)
286726234,106,TT_r-2056,286726234,-3756171.113112988,303490.1890930013,286726234,traffic_signals,,150.8740549,-33.927665399999995,POINT (303490.1890930013 -3756171.113112988)
1482662553,107,TT_r-2056,1482662553,-3756173.786977862,303504.11797412,1482662553,crossing,,150.87420490000002,-33.9276921,POINT (303504.11797412 -3756173.786977862)
7311932968,108,TT_r-2056,7311932968,-3756176.683555303,303550.6818635432,7311932968,,,150.8747077,-33.927726899999996,POINT (303550.6818635432 -3756176.683555303)
300674576,109,TT_r-2056,300674576,-3756179.5590826394,303599.34478555305,300674576,,,150.8752332,-33.9277619,POINT (303599.3447855531 -3756179.559082638)
300674573,110,TT_r-2056,300674573,-3756178.188487565,303659.11100200925,300674573,,,150.87587969999998,-33.9277607,POINT (303659.1110020092 -3756178.188487565)
600243486,111,TT_r-2056,600243486,-3756175.595758162,303708.7890347229,600243486,,,150.8764174,-33.9277466,POINT (303708.789034723 -3756175.595758162)
36399629,112,TT_r-2056,36399629,-3756170.186733064,303776.620015798,36399629,,,150.877152,-33.927710499999996,POINT (303776.620015798 -3756170.186733064)
36399631,113,TT_r-2056,36399631,-3756152.384698131,304082.25390358805,36399631,,,150.8804605,-33.927607,POINT (304082.253903588 -3756152.384698131)
1834675945,114,TT_r-2056,1834675945,-3756149.8928881455,304126.6159282781,1834675945,,,150.8809407,-33.92759279999999,POINT (304126.6159282781 -3756149.892888146)
6819027053,115,TT_r-2056,6819027053,-3756146.4996513436,304190.46539234964,6819027053,,,150.8816318,-33.9275741,POINT (304190.4653923496 -3756146.499651344)
286727399,116,TT_r-2056,286727399,-3756144.0239112335,304279.2319747351,286727399,traffic_signals,,150.88259209999998,-33.9275683,POINT (304279.2319747351 -3756144.023911234)
1857227899,117,TT_r-2056,1857227899,-3756137.3782534855,304395.3818917957,1857227899,,,150.8838494,-33.92753,POINT (304395.3818917957 -3756137.378253486)
288323173,118,TT_r-2056,288323173,-3756131.85885833,304499.4851928964,288323173,,,150.88497619999998,-33.927499600000004,POINT (304499.4851928964 -3756131.85885833)
36399633,119,TT_r-2056,36399633,-3756127.548381312,304568.1252419743,36399633,,,150.88571930000003,-33.9274735,POINT (304568.1252419743 -3756127.548381312)
288323548,120,TT_r-2056,288323548,-3756125.220391466,304607.339028387,288323548,,,150.8861438,-33.9274598,POINT (304607.339028387 -3756125.220391466)
6819027052,121,TT_r-2056,6819027052,-3756123.1627488425,304683.5356376457,6819027052,,,150.8869681,-33.9274554,POINT (304683.5356376456 -3756123.162748843)
286726038,122,TT_r-2056,286726038,-3756118.479622405,304792.98358417966,286726038,traffic_signals,,150.8881525,-33.9274335,POINT (304792.9835841797 -3756118.479622405)
288323703,123,TT_r-2056,288323703,-3756116.0307543394,304823.01995662705,288323703,,,150.8884778,-33.927417,POINT (304823.019956627 -3756116.030754339)
300674583,124,TT_r-2056,300674583,-3756115.0411317185,304887.83458085486,300674583,,,150.88917880000002,-33.9274201,POINT (304887.8345808549 -3756115.041131719)
3626149207,125,TT_r-2056,3626149207,-3756109.99951504,304997.0254258334,3626149207,traffic_signals,,150.89036049999999,-33.927394899999996,POINT (304997.0254258334 -3756109.999515039)
176341831,126,TT_r-2056,176341831,-3756108.9765488575,305012.7830540419,176341831,,,150.8905311,-33.9273886,POINT (305012.7830540419 -3756108.976548858)
2296927969,127,TT_r-2056,2296927969,-3756107.6639306033,305021.0431026687,2296927969,,,150.8906207,-33.9273783,POINT (305021.0431026687 -3756107.663930603)
6819027051,128,TT_r-2056,6819027051,-3756100.5827725064,305065.4218638771,6819027051,,,150.89110209999998,-33.927322700000005,POINT (305065.4218638771 -3756100.582772506)
1857228033,129,TT_r-2056,1857228033,-3756097.1956877965,305086.62478197936,1857228033,,,150.8913321,-33.9272961,POINT (305086.6247819794 -3756097.195687796)
36399640,130,TT_r-2056,36399640,-3756093.261967518,305110.67439751193,36399640,,,150.891593,-33.9272651,POINT (305110.6743975119 -3756093.261967518)
36399642,131,TT_r-2056,36399642,-3756070.9520978536,305208.8467295072,36399642,,,150.8926594,-33.9270822,POINT (305208.8467295072 -3756070.952097854)
1857228159,132,TT_r-2056,1857228159,-3756032.4349614996,305374.50943219423,1857228159,,,150.8944591,-33.9267657,POINT (305374.5094321942 -3756032.4349615)
288322854,133,TT_r-2056,288322854,-3756020.474999018,305429.63762461627,288322854,,,150.89505780000002,-33.9266681,POINT (305429.6376246163 -3756020.474999018)
6819027079,134,TT_r-2056,6819027079,-3756014.093593465,305460.0098424253,6819027079,,,150.8953876,-33.9266162,POINT (305460.0098424254 -3756014.093593465)
6819043915,135,TT_r-2056,6819043915,-3755992.7736813724,305552.8301470475,6819043915,,,150.89639590000002,-33.9264412,POINT (305552.8301470475 -3755992.773681373)
36399644,136,TT_r-2056,36399644,-3755991.030423117,305559.3889386493,36399644,,,150.8964672,-33.92642670000001,POINT (305559.3889386493 -3755991.030423117)
6819043923,137,TT_r-2056,6819043923,-3755985.300141925,305585.6218516071,6819043923,,,150.8967521,-33.9263799,POINT (305585.6218516071 -3755985.300141925)
36399646,138,TT_r-2056,36399646,-3755980.0689065633,305611.3285761733,36399646,,,150.8970312,-33.9263375,POINT (305611.3285761733 -3755980.068906563)
2877095129,139,TT_r-2056,2877095129,-3755976.9225833085,305638.1694286609,2877095129,,,150.8973221,-33.9263141,POINT (305638.1694286609 -3755976.922583309)
36399648,140,TT_r-2056,36399648,-3755975.211878439,305655.5964811264,36399648,,,150.89751090000001,-33.9263019,POINT (305655.5964811264 -3755975.211878439)
2877067402,141,TT_r-2056,2877067402,-3755974.28978682,305698.43743570085,2877067402,,,150.89797430000002,-33.9263015,POINT (305698.4374357008 -3755974.28978682)
2877067404,142,TT_r-2056,2877067404,-3755976.2222059183,305736.80484016176,2877067404,,,150.8983887,-33.926326,POINT (305736.8048401618 -3755976.222205918)
36399650,143,TT_r-2056,36399650,-3755977.3865898987,305768.25674541044,36399650,traffic_signals,,150.8987285,-33.926342299999995,POINT (305768.2567454104 -3755977.386589899)
2623299593,144,TT_r-2056,2623299593,-3755977.069192686,305798.9291272206,2623299593,,,150.8990602,-33.9263451,POINT (305798.9291272206 -3755977.069192686)
1834601094,145,TT_r-2056,1834601094,-3755977.170538525,305822.7010862055,1834601094,,,150.89931719999998,-33.9263504,POINT (305822.7010862055 -3755977.170538525)
1834208956,146,TT_r-2056,1834208956,-3755978.7294878997,305872.83471239236,1834208956,,,150.89985890000003,-33.9263737,POINT (305872.8347123924 -3755978.7294879)
272854068,147,TT_r-2056,272854068,-3755986.700280221,305936.5937338601,272854068,traffic_signals,,150.90054650000002,-33.926457299999996,POINT (305936.5937338601 -3755986.700280221)
3626149202,148,TT_r-2056,3626149202,-3756019.393765012,306161.95594278665,3626149202,traffic_signals,,150.9029759,-33.9267935,POINT (306161.9559427866 -3756019.393765012)
31879526,149,TT_r-2056,31879526,-3756021.630383365,306177.38258737104,31879526,,,150.9031422,-33.9268165,POINT (306177.382587371 -3756021.630383365)
272912512,150,TT_r-2056,272912512,-3756055.413076362,306408.9061307298,272912512,,,150.90563799999998,-33.9271636,POINT (306408.9061307298 -3756055.413076362)
1834208963,151,TT_r-2056,1834208963,-3756067.20564908,306498.1484223561,1834208963,,,150.9066003,-33.9272863,POINT (306498.1484223561 -3756067.20564908)
3626144552,152,TT_r-2056,3626144552,-3756095.796260673,306657.6261457732,3626144552,traffic_signals,,150.90831830000002,-33.92757329999999,POINT (306657.6261457732 -3756095.796260673)
272855200,153,TT_r-2056,272855200,-3756099.449049313,306678.1866809113,272855200,,,150.9085398,-33.927609999999994,POINT (306678.1866809113 -3756099.449049313)
1336405825,154,TT_r-2056,1336405825,-3756121.3621033775,306830.10032132076,1336405825,traffic_signals,,150.9101775,-33.9278354,POINT (306830.1003213208 -3756121.362103378)
1336405833,155,TT_r-2056,1336405833,-3756123.813194249,306849.7575995529,1336405833,,,150.9103895,-33.9278611,POINT (306849.7575995529 -3756123.813194249)
1336405878,156,TT_r-2056,1336405878,-3756124.3126898673,306854.1054363148,1336405878,,,150.9104364,-33.9278664,POINT (306854.1054363148 -3756124.312689867)
1336405844,157,TT_r-2056,1336405844,-3756125.2762074107,306861.27434187214,1336405844,crossing,,150.9105137,-33.927876399999995,POINT (306861.2743418721 -3756125.276207411)
1336405846,158,TT_r-2056,1336405846,-3756126.0361983865,306866.9962963015,1336405846,,,150.9105754,-33.9278843,POINT (306866.9962963015 -3756126.036198386)
2817083819,159,TT_r-2056,2817083819,-3756127.707078765,306886.8318864732,2817083819,,,150.9107895,-33.927903,POINT (306886.8318864732 -3756127.707078765)
2817083820,160,TT_r-2056,2817083820,-3756130.267283655,306914.7597227817,2817083820,,,150.9110909,-33.9279312,POINT (306914.7597227817 -3756130.267283655)
1336405876,161,TT_r-2056,1336405876,-3756135.903940935,306951.8046683709,1336405876,,,150.91149019999997,-33.927988799999994,POINT (306951.8046683709 -3756135.903940935)
571317687,162,TT_r-2056,571317687,-3756146.006506042,307019.6554332229,571317687,traffic_signals,,150.9122216,-33.928092299999996,POINT (307019.6554332229 -3756146.006506042)
1336425371,163,TT_r-2056,1336425371,-3756147.3083011145,307027.6543134905,1336425371,,,150.9123078,-33.9281055,POINT (307027.6543134905 -3756147.308301114)
1336425376,164,TT_r-2056,1336425376,-3756148.298064965,307035.7208322075,1336425376,,,150.91239480000002,-33.9281159,POINT (307035.7208322075 -3756148.298064965)
1336425379,165,TT_r-2056,1336425379,-3756151.67001684,307061.94478442037,1336425379,,,150.9126776,-33.9281511,POINT (307061.9447844204 -3756151.67001684)
1336425369,166,TT_r-2056,1336425369,-3756153.2154460964,307071.60412539233,1336425369,,,150.91278169999998,-33.92816679999999,POINT (307071.6041253923 -3756153.215446096)
1336425363,167,TT_r-2056,1336425363,-3756156.028180882,307084.41530165065,1336425363,,,150.9129196,-33.928194500000004,POINT (307084.4153016506 -3756156.028180882)
1336425347,168,TT_r-2056,1336425347,-3756160.2555962238,307101.8610930527,1336425347,,,150.9131073,-33.928235799999996,POINT (307101.8610930527 -3756160.255596224)
1336425364,169,TT_r-2056,1336425364,-3756166.3265045383,307119.224124526,1336425364,,,150.9132937,-33.928293700000005,POINT (307119.224124526 -3756166.326504538)
1336425355,170,TT_r-2056,1336425355,-3756198.156933215,307336.5395450287,1336425355,,,150.9156364,-33.9286204,POINT (307336.5395450287 -3756198.156933215)
7299087006,171,TT_r-2056,7299087006,-3756207.385006474,307427.9184635014,7299087006,,,150.91662240000002,-33.928720299999995,POINT (307427.9184635014 -3756207.385006474)
7299087006,172,TT_r-2056,7299087006,-3756207.385006474,307427.9184635014,7299087006,,,150.91662240000002,-33.928720299999995,POINT (307427.9184635014 -3756207.385006474)
1336425373,173,TT_r-2056,1336425373,-3756209.019719791,307444.1274929001,1336425373,,,150.9167973,-33.928738,POINT (307444.1274929001 -3756209.019719791)
7299060282,174,TT_r-2056,7299060282,-3756206.5272756563,307453.2237754493,7299060282,,,150.9168962,-33.9287172,POINT (307453.2237754493 -3756206.527275656)
3626144503,175,TT_r-2056,3626144503,-3756206.4182127104,307458.04934150435,3626144503,,,150.91694840000002,-33.9287171,POINT (307458.0493415043 -3756206.41821271)
3626144504,176,TT_r-2056,3626144504,-3756204.813450326,307480.2596972891,3626144504,,,150.91718889999999,-33.928706700000006,POINT (307480.2596972891 -3756204.813450326)
1834210220,177,TT_r-2056,1834210220,-3756199.174551772,307510.45297588396,1834210220,,,150.9175166,-33.9286614,POINT (307510.452975884 -3756199.174551771)
3626144498,178,TT_r-2056,3626144498,-3756195.1266361233,307532.780241766,3626144498,traffic_signals,,150.91775890000002,-33.928629,POINT (307532.780241766 -3756195.126636123)
36399158,179,TT_r-2056,36399158,-3756191.998172065,307546.43246950593,36399158,,,150.9179072,-33.9286033,POINT (307546.4324695059 -3756191.998172065)
36399154,180,TT_r-2056,36399154,-3756184.039776085,307560.8098303287,36399154,,,150.91806440000002,-33.9285342,POINT (307560.8098303287 -3756184.039776085)
1857228119,181,TT_r-2056,1857228119,-3756178.2587866182,307568.48913368577,1857228119,,,150.9181487,-33.9284835,POINT (307568.4891336858 -3756178.258786618)
1857227994,182,TT_r-2056,1857227994,-3756170.690389149,307576.7703381593,1857227994,,,150.9182399,-33.928416799999994,POINT (307576.7703381593 -3756170.690389149)
1857227869,183,TT_r-2056,1857227869,-3756161.2270571035,307585.48479282385,1857227869,,,150.9183362,-33.9283331,POINT (307585.4847928238 -3756161.227057104)
1857227945,184,TT_r-2056,1857227945,-3756125.44275053,307618.44252996985,1857227945,,,150.9187004,-33.9280166,POINT (307618.4425299698 -3756125.44275053)
274485495,185,TT_r-2056,274485495,-3756101.7625641176,307640.4920531474,274485495,,,150.91894399999998,-33.927807200000004,POINT (307640.4920531474 -3756101.762564118)
1857227875,186,TT_r-2056,1857227875,-3756077.213114537,307667.1114287185,1857227875,,,150.9192372,-33.9275908,POINT (307667.1114287185 -3756077.213114537)
6834397878,187,TT_r-2056,6834397878,-3756051.1665042136,307696.438215505,6834397878,,,150.91956000000002,-33.9273614,POINT (307696.438215505 -3756051.166504214)
1857227805,188,TT_r-2056,1857227805,-3756042.7533568963,307705.89559479634,1857227805,,,150.91966409999998,-33.927287299999996,POINT (307705.8955947963 -3756042.753356896)
1857227971,189,TT_r-2056,1857227971,-3756020.0807357575,307746.1213062842,1857227971,,,150.920104,-33.927090299999996,POINT (307746.1213062842 -3756020.080735757)
1857228034,190,TT_r-2056,1857228034,-3756014.976259032,307757.1071293496,1857228034,,,150.9202239,-33.9270463,POINT (307757.1071293496 -3756014.976259032)
1857228022,191,TT_r-2056,1857228022,-3756012.2711606114,307766.3103336963,1857228022,traffic_signals,,150.920324,-33.927023600000005,POINT (307766.3103336963 -3756012.271160611)
1857227974,192,TT_r-2056,1857227974,-3756012.712745223,307781.2005756658,1857227974,,,150.92048490000002,-33.9270303,POINT (307781.2005756658 -3756012.712745223)
1857228002,193,TT_r-2056,1857228002,-3756009.104577208,307800.4759104519,1857228002,,,150.9206941,-33.9270013,POINT (307800.4759104519 -3756009.104577208)
1857227910,194,TT_r-2056,1857227910,-3755999.7641820926,307832.7036519343,1857227910,,,150.9210446,-33.926922999999995,POINT (307832.7036519343 -3755999.764182093)
1834210219,195,TT_r-2056,1834210219,-3755994.393076343,307843.711881947,1834210219,,,150.9211648,-33.9268766,POINT (307843.711881947 -3755994.393076343)
6824483894,196,TT_r-2056,6824483894,-3755960.3959406144,307911.186962996,6824483894,,,150.92190180000003,-33.9265825,POINT (307911.186962996 -3755960.395940614)
1834523625,197,TT_r-2056,1834523625,-3755918.3244823683,307994.989745463,1834523625,traffic_signals,,150.92281709999997,-33.9262186,POINT (307994.989745463 -3755918.324482368)
1834210221,198,TT_r-2056,1834210221,-3755887.970446305,308058.4885497509,1834210221,,,150.9235103,-33.9259566,POINT (308058.4885497509 -3755887.970446305)
6819517239,199,TT_r-2056,6819517239,-3755878.8471445,308079.483884856,6819517239,,,150.92373930000002,-33.9258782,POINT (308079.483884856 -3755878.8471445)
1834523620,200,TT_r-2056,1834523620,-3755870.2596760336,308099.2229992472,1834523620,,,150.92395459999997,-33.9258044,POINT (308099.2229992472 -3755870.259676034)
1834523619,201,TT_r-2056,1834523619,-3755861.841468167,308119.3725221786,1834523619,,,150.9241743,-33.925732200000006,POINT (308119.3725221786 -3755861.841468167)
6824619861,202,TT_r-2056,6824619861,-3755853.3951553614,308138.1711687625,6824619861,,,150.9243794,-33.925659499999995,POINT (308138.1711687625 -3755853.395155361)
1857227909,203,TT_r-2056,1857227909,-3755851.37397536,308142.65300211724,1857227909,,,150.92442830000002,-33.925642100000005,POINT (308142.6530021172 -3755851.373975359)
1857227829,204,TT_r-2056,1857227829,-3755817.7317869137,308205.8549487453,1857227829,,,150.925119,-33.9253504,POINT (308205.8549487453 -3755817.731786914)
6031157491,205,TT_r-2056,6031157491,-3755814.884279203,308210.05188393715,6031157491,,,150.925165,-33.9253255,POINT (308210.0518839372 -3755814.884279203)
1857228125,206,TT_r-2056,1857228125,-3755811.90805158,308212.9328692017,1857228125,,,150.9251968,-33.925299200000005,POINT (308212.9328692017 -3755811.90805158)
6031157492,207,TT_r-2056,6031157492,-3755807.5704443436,308215.10190851893,6031157492,,,150.92522119999998,-33.9252605,POINT (308215.1019085189 -3755807.570444344)
1857227943,208,TT_r-2056,1857227943,-3755803.246606896,308217.6874310997,1857227943,,,150.9252501,-33.925222,POINT (308217.6874310997 -3755803.246606896)
1857227895,209,TT_r-2056,1857227895,-3755800.0589772486,308222.79314577515,1857227895,,,150.925306,-33.92519420000001,POINT (308222.7931457752 -3755800.058977249)
1857228092,210,TT_r-2056,1857228092,-3755798.186066048,308231.46779359865,1857228092,,,150.92540019999998,-33.9251789,POINT (308231.4677935987 -3755798.186066048)
5639617590,211,TT_r-2056,5639617590,-3755798.751622821,308239.1651074437,5639617590,,,150.9254833,-33.9251854,POINT (308239.1651074437 -3755798.751622821)
5639617591,212,TT_r-2056,5639617591,-3755806.4961037063,308311.6114043101,5639617591,,,150.9262649,-33.9252684,POINT (308311.6114043101 -3755806.496103706)
1857227850,213,TT_r-2056,1857227850,-3755806.2591399164,308316.74902560987,1857227850,,,150.9263205,-33.9252672,POINT (308316.7490256099 -3755806.259139916)
1857228179,214,TT_r-2056,1857228179,-3755803.902480629,308322.4634915371,1857228179,,,150.92638280000003,-33.925247,POINT (308322.4634915371 -3755803.902480629)
1857228162,215,TT_r-2056,1857228162,-3755797.4191335617,308328.6957531026,1857228162,,,150.92645159999998,-33.925189700000004,POINT (308328.6957531026 -3755797.419133562)
4688037094,216,TT_r-2056,4688037094,-3755709.1680515613,308341.4149597769,4688037094,traffic_signals,,150.9266084,-33.9243966,POINT (308341.4149597769 -3755709.168051561)
5639617839,217,TT_r-2056,5639617839,-3755696.809043005,308343.02430281136,5639617839,,,150.9266285,-33.924285499999996,POINT (308343.0243028114 -3755696.809043005)
6819517244,218,TT_r-2056,6819517244,-3755662.002686752,308347.4912825478,6819517244,,,150.9266844,-33.9239726,POINT (308347.4912825478 -3755662.002686752)
5639617828,219,TT_r-2056,5639617828,-3755631.6459537987,308351.3822677614,5639617828,,,150.9267331,-33.9236997,POINT (308351.3822677614 -3755631.645953799)
5639617835,220,TT_r-2056,5639617835,-3755627.307053229,308351.9697917771,5639617835,,,150.9267404,-33.9236607,POINT (308351.9697917771 -3755627.307053228)
272854963,221,TT_r-2056,272854963,-3755550.023884408,308363.2925353871,272854963,traffic_signals,,150.92687969999997,-33.9229662,POINT (308363.2925353871 -3755550.023884408)
